videoId,title,channelId,channelTitle,uploadTime
mGLSL1_mKdQ,My last video.,UCrPseYLGpNygVi34QpGNqpA,Ludwig,2021-10-08T02:40:24Z
2iODfQptnk8,How Much Money do I REALLY Make?,UCrPseYLGpNygVi34QpGNqpA,Ludwig,2021-10-07T09:17:58Z
9xE7VaDtnlU,Proving Art Prices are a SCAM,UCrPseYLGpNygVi34QpGNqpA,Ludwig,2021-10-06T02:56:16Z
dWjP99xjy_A,"FORCING the biggest streamers to compete for $5,000 | Mogul Money",UCrPseYLGpNygVi34QpGNqpA,Ludwig,2021-10-05T00:52:08Z
NtO_0kgiw5E,Someone needs to stop Twitch,UCrPseYLGpNygVi34QpGNqpA,Ludwig,2021-10-04T05:08:35Z
Y02C4s0f8DQ,I ranked streamers I’ve met IRL,UCrPseYLGpNygVi34QpGNqpA,Ludwig,2021-10-02T22:04:16Z
LjLSwl96qas,Ludwig Reacts to funny BANNED Tik Toks,UCrPseYLGpNygVi34QpGNqpA,Ludwig,2021-10-01T05:54:36Z
RcfCZoN0tiI,So I “met” the biggest streamer in the world…,UCrPseYLGpNygVi34QpGNqpA,Ludwig,2021-10-01T06:32:13Z
51jEeL-LDP4,I challenged the biggest streamers in the world to a scavenger hunt,UCrPseYLGpNygVi34QpGNqpA,Ludwig,2021-09-30T06:58:58Z
06fA9dstdcc,"I stole $1,000 from MrBeast",UCrPseYLGpNygVi34QpGNqpA,Ludwig,2021-09-29T05:28:01Z
I8ou0L_tg8U,So Wikipedia Speedruns Exist…,UCrPseYLGpNygVi34QpGNqpA,Ludwig,2021-09-28T07:54:26Z
NNmG9ajtzIg,This is why I can't go out in public anymore...,UCrPseYLGpNygVi34QpGNqpA,Ludwig,2021-09-27T04:11:33Z
3rabY09-fzQ,Tik Toks that actually make me laugh out loud,UCrPseYLGpNygVi34QpGNqpA,Ludwig,2021-09-26T07:32:18Z
2mFbaKIHHPg,The Video Ends When Twitch Chat is Dumb,UCrPseYLGpNygVi34QpGNqpA,Ludwig,2021-09-25T04:40:51Z
HGqc4C0eX4g,I hung out with women and it was terrible,UCrPseYLGpNygVi34QpGNqpA,Ludwig,2021-09-23T21:28:46Z
vZXbPunYfl4,They Updated Jump King. It's Impossible.,UCrPseYLGpNygVi34QpGNqpA,Ludwig,2021-09-23T05:15:37Z
PjMAExKXndM,Sykkuno Ruined my Tournament...,UCrPseYLGpNygVi34QpGNqpA,Ludwig,2021-09-22T06:42:01Z
N8NpATCtS7Y,A Day in the Life of a Ludwig Viewer,UCrPseYLGpNygVi34QpGNqpA,Ludwig,2021-09-21T03:34:14Z
VbyjZwgkj-8,"I let my stream spend $30,000 with MY MONEY",UCrPseYLGpNygVi34QpGNqpA,Ludwig,2021-09-20T05:06:19Z
xO6QaWn9NI0,Can 3 Gamers Beat 1 Super Smash Bros. Pro?,UCrPseYLGpNygVi34QpGNqpA,Ludwig,2021-09-19T07:32:34Z
_NLsRb-pYOc,"I Bet Her $10,000 She Couldn't Answer This Question",UCrPseYLGpNygVi34QpGNqpA,Ludwig,2021-09-18T06:32:43Z
9hLqfL4Fykw,Why I ended up on the news... again.,UCrPseYLGpNygVi34QpGNqpA,Ludwig,2021-09-17T01:37:37Z
CKGu0yY0Eoc,Tik Toks I CANNOT Stop Laughing At,UCrPseYLGpNygVi34QpGNqpA,Ludwig,2021-09-16T05:02:32Z
k4GDV4Cj4ws,"I Bet $5,000 My Roommates Couldn’t Answer This | Mogul Money",UCrPseYLGpNygVi34QpGNqpA,Ludwig,2021-09-15T01:49:45Z
TlTiVywLKjU,Letting Karl Jacobs Cut My Hair Was a Huge Mistake,UCrPseYLGpNygVi34QpGNqpA,Ludwig,2021-09-14T07:23:08Z
P2QOqjlub8g,"I Challenged MrBeast to a $50,000 Poker Game",UCrPseYLGpNygVi34QpGNqpA,Ludwig,2021-09-13T07:44:52Z
zbTQVJkHNBw,The Video Ends if Someone is 𝗦𝗲𝘅𝗶𝘀𝘁 in Twitch Chat,UCrPseYLGpNygVi34QpGNqpA,Ludwig,2021-09-11T22:15:51Z
JgGzX-bUrS0,I flexed on her,UCrPseYLGpNygVi34QpGNqpA,Ludwig,2021-09-11T02:09:29Z
3STbmgcaS5Q,Can I beat the hardest games of all time in under 30 minutes?,UCrPseYLGpNygVi34QpGNqpA,Ludwig,2021-09-10T07:01:00Z
mCcf3sVyRus,I Miss the Old Ludwig,UCrPseYLGpNygVi34QpGNqpA,Ludwig,2021-09-09T04:30:33Z
FtPCMxVupW4,teaching sykkuno how to be a chad,UCrPseYLGpNygVi34QpGNqpA,Ludwig,2021-09-08T04:21:11Z
MKngAuvxlbY,Can 5 Gamers Beat 1 Speedrunner?,UCrPseYLGpNygVi34QpGNqpA,Ludwig,2021-09-07T06:40:29Z
1SGUOyu-7TY,I made Pokémon Platinum Impossibly Hard,UCrPseYLGpNygVi34QpGNqpA,Ludwig,2021-09-06T00:27:59Z
wFGT7aZwUAY,This Video Took Three Months to Make,UCrPseYLGpNygVi34QpGNqpA,Ludwig,2021-09-05T05:58:36Z
TOPLNgyi6uM,How I won a Speedrunning Competition,UCrPseYLGpNygVi34QpGNqpA,Ludwig,2021-09-04T05:23:05Z
g3ikEQ5bvfI,Ludwig TRIES Not to Laugh at Tik Toks,UCrPseYLGpNygVi34QpGNqpA,Ludwig,2021-09-03T04:09:26Z
Bqhyyqvt7Bg,How I Accidentally Won a Chess Tournament,UCrPseYLGpNygVi34QpGNqpA,Ludwig,2021-09-02T07:06:08Z
Gc3bIuAdykI,I'm Retiring.,UCrPseYLGpNygVi34QpGNqpA,Ludwig,2021-09-01T04:34:21Z
AOuG3NBG4Tg,Ludwig's Newest Fan,UCrPseYLGpNygVi34QpGNqpA,Ludwig,2021-08-31T00:49:34Z
ngAGufebENw,I'm Never Going on a Date with QTCinderella Again...,UCrPseYLGpNygVi34QpGNqpA,Ludwig,2021-08-30T02:36:04Z
3OfSpw2rXNs,I Ruined My Relationship on this Gameshow...,UCrPseYLGpNygVi34QpGNqpA,Ludwig,2021-08-28T18:20:06Z
v5T8BGLPPi0,He Never Typed and Got BANNED,UCrPseYLGpNygVi34QpGNqpA,Ludwig,2021-08-28T04:13:14Z
r9fs5OWX_oM,The Story of the Legendary Jerma Dollhouse Stream,UCrPseYLGpNygVi34QpGNqpA,Ludwig,2021-08-27T05:01:26Z
O3sYp2WCwK8,The Dangers of Streaming.,UCrPseYLGpNygVi34QpGNqpA,Ludwig,2021-08-24T05:07:39Z
GEln_GiyNAg,Ludwig Reacts to Tik Toks that keep you up at night,UCrPseYLGpNygVi34QpGNqpA,Ludwig,2021-08-25T03:06:59Z
o91Hq9K4G3k,I can never go back to this barber...,UCrPseYLGpNygVi34QpGNqpA,Ludwig,2021-08-24T19:02:54Z
A3K_RlfuQVk,my first time ever wearing a tank top,UCrPseYLGpNygVi34QpGNqpA,Ludwig,2021-08-23T23:01:14Z
D5xZuNQ5h_c,Ludwig Hair Tutorial,UCrPseYLGpNygVi34QpGNqpA,Ludwig,2021-08-23T00:20:18Z
lNs7SZ6aKeI,Smallant DESTROYS xQc on my Gameshow...,UCrPseYLGpNygVi34QpGNqpA,Ludwig,2021-08-22T02:05:35Z
ByQa5ZpmviE,What NO ONE Tells You About College | College Stories,UCrPseYLGpNygVi34QpGNqpA,Ludwig,2021-08-21T01:14:04Z
Q_orqpmTWTM,"Every time HE Laughs, I Lose $100",UCrPseYLGpNygVi34QpGNqpA,Ludwig,2021-08-20T03:15:12Z
iKEu5K_0l40,Tik Tok Went Too Far...,UCrPseYLGpNygVi34QpGNqpA,Ludwig,2021-08-18T04:25:15Z
mYXsoLPlKO8,I am scared of Corpse.,UCrPseYLGpNygVi34QpGNqpA,Ludwig,2021-08-17T22:12:49Z
PcksH_eUGUA,Why I Love Hanging Out With OfflineTV,UCrPseYLGpNygVi34QpGNqpA,Ludwig,2021-08-16T21:21:05Z
slRIzjY7EQk,Pokimane Takes Me Shopping,UCrPseYLGpNygVi34QpGNqpA,Ludwig,2021-08-15T19:40:18Z
QScziBG-964,How Much Can $1 Get You in the Philippines?,UCrPseYLGpNygVi34QpGNqpA,Ludwig,2021-08-15T04:19:26Z
OzlWZa94jAA,How I Ended Up in Bella Poarch's Music Video,UCrPseYLGpNygVi34QpGNqpA,Ludwig,2021-08-14T06:06:53Z
55xCVxb6yEI,My Game Show Broke Twitch,UCrPseYLGpNygVi34QpGNqpA,Ludwig,2021-08-12T17:53:42Z
lVTw_Mgu1C8,If I Swear the Video Ends...,UCrPseYLGpNygVi34QpGNqpA,Ludwig,2021-08-12T22:47:09Z
A08VcrPd7ok,The most bullied man on Tik Tok...,UCrPseYLGpNygVi34QpGNqpA,Ludwig,2021-08-12T01:47:00Z
2jXP2Jhe4cI,Can 3 Gamers Beat 1 Smash God?,UCrPseYLGpNygVi34QpGNqpA,Ludwig,2021-08-11T21:28:17Z
jJbIEMGYg-Y,Cody Ko and Noel Miller ROAST my gameshow | Mogul Money,UCrPseYLGpNygVi34QpGNqpA,Ludwig,2021-08-11T01:38:19Z
LbsFi3NS9GM,Can You Taste the Difference Between Fruit Blindfolded?,UCrPseYLGpNygVi34QpGNqpA,Ludwig,2021-08-10T00:31:46Z
90gFpkzZVQY,Ludwig reacts to Tik Toks you won’t forgor 💀,UCrPseYLGpNygVi34QpGNqpA,Ludwig,2021-08-09T01:27:20Z
zky8lwvzwF4,How I Bullied Dream into Revealing His Identity,UCrPseYLGpNygVi34QpGNqpA,Ludwig,2021-08-08T22:08:33Z
akKyoPMivwg,Stop Doing Gamer House Tours,UCrPseYLGpNygVi34QpGNqpA,Ludwig,2021-08-08T00:24:54Z
N4946zRyaiA,The Biggest Challenge Our Gameshow Has Ever Faced...,UCrPseYLGpNygVi34QpGNqpA,Ludwig,2021-08-07T05:34:08Z
7plXViDa_eU,I Got Banned From Omegle for This...,UCrPseYLGpNygVi34QpGNqpA,Ludwig,2021-08-06T21:45:05Z
X9j4m-b4oTg,Top 10 Salty Moments in Smash,UCrPseYLGpNygVi34QpGNqpA,Ludwig,2021-08-06T06:41:46Z
vXd67zrp4F8,I Am Ending Daily Uploads...,UCrPseYLGpNygVi34QpGNqpA,Ludwig,2021-08-04T20:07:54Z
IW92sndtcig,Tik Toks that MAKE me laugh,UCrPseYLGpNygVi34QpGNqpA,Ludwig,2021-08-04T02:54:46Z
aJbwdg6sYB8,Donating to Streamers if They Can Answer DUMB Questions.,UCrPseYLGpNygVi34QpGNqpA,Ludwig,2021-08-03T04:57:40Z
ZeigQKPe3oY,The Dream SMP took over my game show...,UCrPseYLGpNygVi34QpGNqpA,Ludwig,2021-07-30T23:19:43Z
p3t0HbDF-wc,This is why you don't gamble...,UCrPseYLGpNygVi34QpGNqpA,Ludwig,2021-08-01T00:52:12Z
fLlmWyE33x4,Can I Beat one of the Hardest Games Ever Made?,UCrPseYLGpNygVi34QpGNqpA,Ludwig,2021-07-30T08:54:13Z
xsJOr8jtrmQ,"Challenging 10,000 People to Find Where I Am",UCrPseYLGpNygVi34QpGNqpA,Ludwig,2021-07-30T04:31:32Z
VpZTYD-X96A,He got banned… then sent me this,UCrPseYLGpNygVi34QpGNqpA,Ludwig,2021-07-28T02:10:36Z
RrZ4fvmXVto,This “speedrunner” Bet I Couldn’t Beat Him…,UCrPseYLGpNygVi34QpGNqpA,Ludwig,2021-07-28T02:38:06Z
OkfacuXJf6I,Which Streamer Has the Best Laugh?,UCrPseYLGpNygVi34QpGNqpA,Ludwig,2021-07-26T23:23:02Z
5GLLvRPwgAE,I Took Everything From Him...,UCrPseYLGpNygVi34QpGNqpA,Ludwig,2021-07-26T00:44:00Z
TRSelpvKflo,Smallant Ruined My Gameshow...,UCrPseYLGpNygVi34QpGNqpA,Ludwig,2021-07-24T18:12:09Z
NSE8shr4-eE,CHALLENGING TWITCH CHAT TO $100 MONEY MATCHES,UCrPseYLGpNygVi34QpGNqpA,Ludwig,2021-07-24T02:52:20Z
dkulGPImQbE,Ludwig Reacts to Unusual Memes that are ACTUALLY funny,UCrPseYLGpNygVi34QpGNqpA,Ludwig,2021-07-22T23:20:49Z
NSk1k929KTI,Doing ANYTHING my stream tells me to do.,UCrPseYLGpNygVi34QpGNqpA,Ludwig,2021-07-22T03:59:12Z
-M1UnkoKMS0,I Let People Send Me Stuff From Anywhere in The World,UCrPseYLGpNygVi34QpGNqpA,Ludwig,2021-07-21T02:57:32Z
GbDDFEw6FUY,My Girlfriend is a bigger streamer than me...,UCrPseYLGpNygVi34QpGNqpA,Ludwig,2021-07-19T23:04:28Z
uByLoJmWuh8,I Forced The Biggest Streamers in the World to Play Mario Kart,UCrPseYLGpNygVi34QpGNqpA,Ludwig,2021-07-18T05:45:49Z
l9RjZst9Jks,I became xQc for a day.,UCrPseYLGpNygVi34QpGNqpA,Ludwig,2021-07-17T06:03:26Z
L-WXkGLf1vo,The Greatest Gameshow Ever.,UCrPseYLGpNygVi34QpGNqpA,Ludwig,2021-07-16T02:06:20Z
KsGKB9PzCgM,My First Time Kissing QTCinderella,UCrPseYLGpNygVi34QpGNqpA,Ludwig,2021-07-16T06:00:37Z
Kzh6JBuCuso,I let viewers buy shirts with MY MONEY...,UCrPseYLGpNygVi34QpGNqpA,Ludwig,2021-07-15T03:34:08Z
p7A0Gm5dPzc,I asked 3500 people to answer questions honestly.,UCrPseYLGpNygVi34QpGNqpA,Ludwig,2021-07-14T03:34:44Z
Bq41nbxAp2o,I jumped out of a plane (and it’s all tommyinnits fault),UCrPseYLGpNygVi34QpGNqpA,Ludwig,2021-07-13T01:04:05Z
RaTZn6XuRpI,I’m sorry I went too far this time.,UCrPseYLGpNygVi34QpGNqpA,Ludwig,2021-07-12T00:03:46Z
Uo5zI2EeSeI,MY STREAM GOT HIJACKED | Hivemind,UCrPseYLGpNygVi34QpGNqpA,Ludwig,2021-07-10T22:31:11Z
nXGCenFNyVA,How YouTube Changed Me...,UCrPseYLGpNygVi34QpGNqpA,Ludwig,2021-07-10T06:37:33Z
Y5mhXrcn9Uk,stream asks me anything but I HAVE to answer honestly,UCrPseYLGpNygVi34QpGNqpA,Ludwig,2021-07-08T09:00:41Z
cXHmCMyZ6jY,streaming with my grandpa for the first time,UCrPseYLGpNygVi34QpGNqpA,Ludwig,2021-07-09T01:02:40Z
C9ZueegNlpY,jschlatt ruins my gameshow | Mogul Money,UCrPseYLGpNygVi34QpGNqpA,Ludwig,2021-07-08T00:19:27Z
jx6UCm58i_U,Forcing OfflineTV to say THIS,UCrPseYLGpNygVi34QpGNqpA,Ludwig,2021-07-06T05:50:54Z
OVBn43UZ04c,Sykkuno took all my money.,UCrPseYLGpNygVi34QpGNqpA,Ludwig,2021-07-06T02:09:01Z
TNQdDDCPqgc,I Found Someone Cheating on my Gameshow.. (Hivemind),UCrPseYLGpNygVi34QpGNqpA,Ludwig,2021-07-01T18:37:41Z
MoWuXdBA_MI,I Took My Girlfriend to a restaurant that's TOO fancy,UCrPseYLGpNygVi34QpGNqpA,Ludwig,2021-07-04T03:30:09Z
JcYjIuo3TLI,Ludwig Reacts to Unusual Memes that are GUARANTEED to make you laugh,UCrPseYLGpNygVi34QpGNqpA,Ludwig,2021-07-03T04:26:02Z
bQG_j4gMnMc,I uploaded this on the wrong channel…,UCrPseYLGpNygVi34QpGNqpA,Ludwig,2021-07-01T08:09:53Z
W13poWsmisI,Why I Regret Going to Las Vegas with QTCinderella...,UCrPseYLGpNygVi34QpGNqpA,Ludwig,2021-07-01T05:44:24Z
A826C3Y63To,How I Accidentally Got 3 People Banned on Twitch,UCrPseYLGpNygVi34QpGNqpA,Ludwig,2021-06-30T07:53:48Z
bVk6_1LTsBA,Ludwig’s Worst Nightmare,UCrPseYLGpNygVi34QpGNqpA,Ludwig,2021-06-29T18:21:46Z
9undPVKvqFQ,Can 3 Gamers Beat 1 Pokémon Master?,UCrPseYLGpNygVi34QpGNqpA,Ludwig,2021-06-29T06:21:34Z
7ZKisbkaKQ4,"I gave stream $5,000 and this is what they bought…",UCrPseYLGpNygVi34QpGNqpA,Ludwig,2021-06-27T05:45:00Z
UgLGF3TgJtY,I GOT MY OWN CATEGORY ON TWITCH (Hivemind),UCrPseYLGpNygVi34QpGNqpA,Ludwig,2021-06-26T22:01:46Z
_6N8yC6qV74,i speedrun reddit,UCrPseYLGpNygVi34QpGNqpA,Ludwig,2021-06-26T01:51:08Z
zfwAk5rrtOE,Loser Has to Tweet Their Most Embarrassing Photo ft. Jerma985,UCrPseYLGpNygVi34QpGNqpA,Ludwig,2021-06-24T23:52:32Z
ILxST69xTpg,I Met Jschlatt and Amouranth in Real Life,UCrPseYLGpNygVi34QpGNqpA,Ludwig,2021-06-24T06:22:59Z
018-kG-4Who,Ludwig Reacts to The Story Of Ludwig by theScore esports,UCrPseYLGpNygVi34QpGNqpA,Ludwig,2021-06-23T05:18:38Z
l0gWQtLjwKc,Ludwig Ranks EVERY Beer,UCrPseYLGpNygVi34QpGNqpA,Ludwig,2021-06-22T05:52:52Z
kUxJrAdTT_I,HARDEST YOU LAUGH YOU LOSE CHALLENGE,UCrPseYLGpNygVi34QpGNqpA,Ludwig,2021-06-20T23:37:09Z
jwBleSQYKXo,I Got Her Banned on Twitch...,UCrPseYLGpNygVi34QpGNqpA,Ludwig,2021-06-20T05:13:21Z
aVfWy_X82OU,I met moistcr1tikal...,UCrPseYLGpNygVi34QpGNqpA,Ludwig,2021-06-18T07:57:48Z
7FSS0nRFNyM,What is happening on Twitch?,UCrPseYLGpNygVi34QpGNqpA,Ludwig,2021-06-18T02:28:56Z
ZQKixnMXf2s,THE ULTIMATE HIGHER OR LOWER GAME,UCrPseYLGpNygVi34QpGNqpA,Ludwig,2021-06-15T21:31:25Z
s7ALCKwl1lI,How I Accidentally Got Banned on YouTube,UCrPseYLGpNygVi34QpGNqpA,Ludwig,2021-06-16T01:40:34Z
hxZoRXaUhtQ,I GOT BANNED ON YOUTUBE [READ DESCRIPTION],UCrPseYLGpNygVi34QpGNqpA,Ludwig,2019-01-17T01:35:44Z
BL5Di7lytD0,"IF I LAUGH I LOSE $1,000",UCrPseYLGpNygVi34QpGNqpA,Ludwig,2021-06-14T05:13:49Z
BtMMbnC3998,Why Dog Shock Collars Should be Illegal.,UCrPseYLGpNygVi34QpGNqpA,Ludwig,2021-06-13T05:27:41Z
7Ciq1uAb6IE,The Biggest Game Show on Twitch is Back! (Hivemind),UCrPseYLGpNygVi34QpGNqpA,Ludwig,2021-06-12T03:39:29Z
5-55gaKKnt0,I Spent $280 on these...,UCrPseYLGpNygVi34QpGNqpA,Ludwig,2021-06-11T04:18:50Z
LWUcVB5Dq0Q,"I took a bath in front of 15,000 people",UCrPseYLGpNygVi34QpGNqpA,Ludwig,2021-06-10T06:17:08Z
Qguwcx5Llqg,You Can Buy ANYTHING But You Only Have 20 Minutes,UCrPseYLGpNygVi34QpGNqpA,Ludwig,2021-06-09T04:56:00Z
1m3tzig8XF8,The Greatest Game of Deal or No Deal,UCrPseYLGpNygVi34QpGNqpA,Ludwig,2021-06-08T05:33:27Z
QS6zjTiDvPU,What Can $10 Million Buy You Around the World?,UCrPseYLGpNygVi34QpGNqpA,Ludwig,2021-06-07T02:30:33Z
FakPZr55FzE,Can You Guess How Much Candy is in the Jar?,UCrPseYLGpNygVi34QpGNqpA,Ludwig,2021-06-06T06:00:06Z
D0Ou6kkfDNw,Ludwig reacts to How Ludwig's Subathon Broke Twitch,UCrPseYLGpNygVi34QpGNqpA,Ludwig,2021-06-05T04:14:32Z
yf5S5Xv4oLs,I Bet Corpse $500 He Couldn't Find Norway on a Map,UCrPseYLGpNygVi34QpGNqpA,Ludwig,2021-06-04T05:08:04Z
hL6fwMKvqu8,I met jschlatt...,UCrPseYLGpNygVi34QpGNqpA,Ludwig,2021-06-03T05:51:26Z
pqfXb4_mQ1k,How I Accidentally Started Beef with Adin Ross,UCrPseYLGpNygVi34QpGNqpA,Ludwig,2021-06-02T07:03:51Z
h3HnIIOxaGI,Can 3 Gamers Beat 1 Starcraft Pro?,UCrPseYLGpNygVi34QpGNqpA,Ludwig,2021-05-31T22:29:23Z
VsNHJSY_24A,Who’s The BEST Couple on Twitch?,UCrPseYLGpNygVi34QpGNqpA,Ludwig,2021-05-31T04:29:57Z
Pze_Xxydhvw,WHO IS MORE POPULAR?,UCrPseYLGpNygVi34QpGNqpA,Ludwig,2021-05-29T23:48:07Z
vmLecpKXzjo,"I Made the Biggest Streamers in the World Play Poker for $10,000",UCrPseYLGpNygVi34QpGNqpA,Ludwig,2021-05-29T06:13:07Z
c3ENWB_jhrw,I Got Nominated for Streamer of the Year...,UCrPseYLGpNygVi34QpGNqpA,Ludwig,2021-05-28T04:46:02Z
Pc5rrL3AzDY,What House Can $5 Million Buy You Around the World?,UCrPseYLGpNygVi34QpGNqpA,Ludwig,2021-05-27T02:41:31Z
VC6i5cJJJ0g,Ludwig reacts to Unusual Memes that will make you laugh out loud,UCrPseYLGpNygVi34QpGNqpA,Ludwig,2021-05-26T05:19:32Z
XqwTQltaesY,How I Accidentally Became a Scammer,UCrPseYLGpNygVi34QpGNqpA,Ludwig,2021-05-24T06:55:51Z
RVg9CjKSq0A,"Unboxing $7,000 Worth of Stuff My Stream Bought Me",UCrPseYLGpNygVi34QpGNqpA,Ludwig,2021-05-24T05:14:21Z
onChVb_Bb8I,Can 3 Gamers Beat 1 Minecraft Speedrunner?,UCrPseYLGpNygVi34QpGNqpA,Ludwig,2021-05-23T05:27:24Z
fdjVFcKgfYY,I CHALLENGED THE BEST POKEMON PLAYER IN THE WORLD TO RATE MY SKILLS,UCrPseYLGpNygVi34QpGNqpA,Ludwig,2021-05-21T06:38:55Z
E4K-llpFdig,I Forced OfflineTV to Drink and Play Games With Me,UCrPseYLGpNygVi34QpGNqpA,Ludwig,2021-05-21T06:12:19Z
61IO2SUXewA,Rest in Peace Le Monke...,UCrPseYLGpNygVi34QpGNqpA,Ludwig,2021-05-20T04:31:01Z
GFlSzi7puvA,The Roast of Ludwig,UCrPseYLGpNygVi34QpGNqpA,Ludwig,2021-05-19T03:58:19Z
vqOSHFZIIFE,I LEAKED My Address and this is what my viewers sent me...,UCrPseYLGpNygVi34QpGNqpA,Ludwig,2021-05-18T06:34:35Z
1qwS7nfAiCE,What House Can the Average Salary Buy You Around the World? (PHILIPPINES),UCrPseYLGpNygVi34QpGNqpA,Ludwig,2021-05-17T05:11:24Z
2VfZZ5q-rhM,The Video Ends When I Say THIS Word,UCrPseYLGpNygVi34QpGNqpA,Ludwig,2021-05-16T01:22:39Z
iE8TcWsxef0,Can 3 Gamers Beat 1 Speedrunner?,UCrPseYLGpNygVi34QpGNqpA,Ludwig,2021-05-15T06:20:24Z
9gb645YbNII,Ludwig Forgets to Turn Off Stream,UCrPseYLGpNygVi34QpGNqpA,Ludwig,2021-05-13T22:21:57Z
7gPTQN1-40A,"How I Trolled a Scammer Out of $1,500",UCrPseYLGpNygVi34QpGNqpA,Ludwig,2021-05-12T20:49:21Z
5XMSXq8GK5Y,Ludwig Reacts to Unusual Memes that make you uncontrollably laugh,UCrPseYLGpNygVi34QpGNqpA,Ludwig,2021-05-11T22:51:12Z
HGggi1Ovfps,What Can $30 Million Buy You Around the World?,UCrPseYLGpNygVi34QpGNqpA,Ludwig,2021-05-11T04:54:17Z
Bv-4bgQMdj8,Saying YES to whatever stream tells me to do.,UCrPseYLGpNygVi34QpGNqpA,Ludwig,2021-05-10T02:50:31Z
zziW7QyIor0,I Made My Girlfriend Play Siblings or Dating...,UCrPseYLGpNygVi34QpGNqpA,Ludwig,2021-05-09T09:10:36Z
ej_ZURaBcj0,Rating My Viewers YouTube Channels is a horrible idea...,UCrPseYLGpNygVi34QpGNqpA,Ludwig,2021-05-09T01:29:56Z
uHbpo4dA8Ok,"I Challenged 20,000 People to a Game of Pictionary",UCrPseYLGpNygVi34QpGNqpA,Ludwig,2021-05-07T06:42:26Z
JhoyUwjNcZ0,The Human Benchmark Test is CRAZY,UCrPseYLGpNygVi34QpGNqpA,Ludwig,2021-05-07T02:29:14Z
a3tBLdLJcAs,I made my best friend get a tattoo of my name,UCrPseYLGpNygVi34QpGNqpA,Ludwig,2021-05-06T03:41:13Z
hohXoes-G0M,Ludwig reacts to Unusual Memes that make you laugh and cry,UCrPseYLGpNygVi34QpGNqpA,Ludwig,2021-05-05T06:23:52Z
yi9-ZoMfrrY,ULTIMATE YOU LAUGH YOU LOSE CHALLENGE,UCrPseYLGpNygVi34QpGNqpA,Ludwig,2021-05-04T02:13:32Z
eXppsdJZKHk,Can An American Find More Pubs Than a British Man?,UCrPseYLGpNygVi34QpGNqpA,Ludwig,2021-05-01T05:48:09Z
6LJjDFEITGA,Surprising My Best Friend with his Dream Car,UCrPseYLGpNygVi34QpGNqpA,Ludwig,2021-05-02T04:57:43Z
9xlT-xDn9tA,Twitch Streamers Try Family Feud,UCrPseYLGpNygVi34QpGNqpA,Ludwig,2021-05-01T00:15:21Z
UkHsMvyBraA,Finding the Value of my Pokémon Collection,UCrPseYLGpNygVi34QpGNqpA,Ludwig,2021-04-30T04:20:40Z
0DO335C3BaQ,I Gave My Stream 30 Minutes to Buy ANYTHING They Want,UCrPseYLGpNygVi34QpGNqpA,Ludwig,2021-04-29T06:31:35Z
5y3FU5zKBes,Why Online Arcades are a Scam.,UCrPseYLGpNygVi34QpGNqpA,Ludwig,2021-04-28T13:26:00Z
4yeHAJbepZU,How much did someone get paid for this???,UCrPseYLGpNygVi34QpGNqpA,Ludwig,2021-04-28T06:18:47Z
p3JWlh77q-Q,My New Best Friend.,UCrPseYLGpNygVi34QpGNqpA,Ludwig,2021-04-27T07:39:47Z
4qBtcyBoGC8,My Arch Rival...,UCrPseYLGpNygVi34QpGNqpA,Ludwig,2021-04-27T02:55:08Z
tZc_YiVehcs,Ludwig Reacts to Unusual Memes that make you cry laughing,UCrPseYLGpNygVi34QpGNqpA,Ludwig,2021-04-26T02:00:03Z
2PMDUKW8Ahk,Disguised Toast Calls Ludwig the Smartest Streamer,UCrPseYLGpNygVi34QpGNqpA,Ludwig,2021-04-25T05:46:04Z
TJdWey4-MdM,How Much Money I Made From the Subathon.,UCrPseYLGpNygVi34QpGNqpA,Ludwig,2021-04-24T05:39:09Z
1AFvQP5bVDo,Ludwig Reveals What He Did After the Subathon,UCrPseYLGpNygVi34QpGNqpA,Ludwig,2021-04-23T03:26:41Z
zdsdEVngg7Y,Using Magnus Carlsen to CHEAT in Chess,UCrPseYLGpNygVi34QpGNqpA,Ludwig,2021-04-22T05:33:59Z
R1mVzUB4fyY,The NEW Biggest Streamer on Twitch,UCrPseYLGpNygVi34QpGNqpA,Ludwig,2021-04-20T11:39:52Z
zWwNl44pS8Y,The Dark Side of Sykkuno,UCrPseYLGpNygVi34QpGNqpA,Ludwig,2021-04-20T04:46:49Z
3v7G8bpJglk,Ask Me Anything,UCrPseYLGpNygVi34QpGNqpA,Ludwig,2021-04-19T05:39:58Z
7csUalGIGgI,The Truth About Ludwig...,UCrPseYLGpNygVi34QpGNqpA,Ludwig,2021-04-18T05:13:01Z
WC4bSF2Vj5c,Can I Still Beat the Hardest Games of all Time in 1 Hour?,UCrPseYLGpNygVi34QpGNqpA,Ludwig,2021-04-17T06:12:04Z
sCu8-aCSZbE,How I Accidentally Became the Biggest Streamer of all Time,UCrPseYLGpNygVi34QpGNqpA,Ludwig,2021-04-16T07:53:51Z
msYCq2J8EPI,"the entire history of ireland, i guess",UCrPseYLGpNygVi34QpGNqpA,Ludwig,2021-04-15T04:22:50Z
cJDGFTlCneY,It's over.,UCrPseYLGpNygVi34QpGNqpA,Ludwig,2021-04-13T12:32:13Z
eTNVnkDB82g,The Greatest Comeback in Geoguessr History!,UCrPseYLGpNygVi34QpGNqpA,Ludwig,2021-04-13T04:50:53Z
OCbO2tE89Nc,The End of the Subathon,UCrPseYLGpNygVi34QpGNqpA,Ludwig,2021-04-12T06:15:02Z
xaeMOZwq0BA,I Beat a Child in Chess.,UCrPseYLGpNygVi34QpGNqpA,Ludwig,2021-04-11T02:31:46Z
3f78bvvqXiY,I Bought the WORST Fake Ludwig Merch,UCrPseYLGpNygVi34QpGNqpA,Ludwig,2021-04-10T03:34:25Z
ruDJCoLKxFw,Spiritual Super Monkey Ball 3?,UCrPseYLGpNygVi34QpGNqpA,Ludwig,2021-04-09T02:55:16Z
7z3fPo8RHIk,Ludwig Reacts to Unusual Memes that MAKE you smile,UCrPseYLGpNygVi34QpGNqpA,Ludwig,2021-04-07T19:31:25Z
yM7-HahvWAw,It's almost over...,UCrPseYLGpNygVi34QpGNqpA,Ludwig,2021-04-07T03:00:31Z
t7Cm39ibTzA,Crazy new AFK impostor strat on Airship,UCrPseYLGpNygVi34QpGNqpA,Ludwig,2021-04-05T17:41:43Z
WtsG_MEK-Zc,I livestreamed every minute of my life for 3 weeks and here's how much I earned,UCrPseYLGpNygVi34QpGNqpA,Ludwig,2021-04-05T03:09:18Z
uSQuV2B2uCY,Who is the Most Googled Person of all Time?,UCrPseYLGpNygVi34QpGNqpA,Ludwig,2021-04-04T04:36:33Z
qBeAE8rvxRU,Trolling OfflineTV in Among Us,UCrPseYLGpNygVi34QpGNqpA,Ludwig,2021-04-03T04:45:04Z
sZrx8tD9IwY,Can You Taste the Difference Between Cheap and Expensive Chocolate?,UCrPseYLGpNygVi34QpGNqpA,Ludwig,2021-04-02T05:46:26Z
IgrxQRlDVi0,Whoever Wins Becomes His Best Man,UCrPseYLGpNygVi34QpGNqpA,Ludwig,2021-04-01T05:16:58Z
lHgaT0i-TA0,Give It Up for Day 15,UCrPseYLGpNygVi34QpGNqpA,Ludwig,2021-03-31T05:27:13Z
DqmSovzS8HY,Can 3 Gamers Beat 1 Trackmania Pro Driving Backwards?,UCrPseYLGpNygVi34QpGNqpA,Ludwig,2021-03-30T08:09:27Z
hzgDK90GA1Q,Hivemind Season Finale,UCrPseYLGpNygVi34QpGNqpA,Ludwig,2021-03-26T05:36:38Z
FiSRIuuIgyE,Dream is in this video.,UCrPseYLGpNygVi34QpGNqpA,Ludwig,2021-03-29T04:09:08Z
Y-G8pTrOWus,I banned Dream.,UCrPseYLGpNygVi34QpGNqpA,Ludwig,2021-03-28T04:40:31Z
QblSVioteW8,I Cheated and Still Lost...,UCrPseYLGpNygVi34QpGNqpA,Ludwig,2021-03-27T05:34:17Z
ixO-_v2fB4Y,I livestreamed every minute of my life for 10 days and here's how much I earned,UCrPseYLGpNygVi34QpGNqpA,Ludwig,2021-03-26T05:20:30Z
cUJ3B7QcZ9U,When Ludwig is sus...,UCrPseYLGpNygVi34QpGNqpA,Ludwig,2021-03-25T04:05:27Z
JSH8VLIqEDs,How Old Are My Viewers?,UCrPseYLGpNygVi34QpGNqpA,Ludwig,2021-03-24T05:47:10Z
d_x_khfUVTA,Viewers came to my address and gave me this...,UCrPseYLGpNygVi34QpGNqpA,Ludwig,2021-03-22T05:39:06Z
uLZz8vH7t-U,Can a European Name More States Than an American?,UCrPseYLGpNygVi34QpGNqpA,Ludwig,2021-03-22T06:10:16Z
8LnJNywSVew,"I forced 20,000 viewers to make me a playlist.",UCrPseYLGpNygVi34QpGNqpA,Ludwig,2021-03-21T01:43:40Z
O8H95tpKzuc,Can You Beat Me in Geoguessr? [PLAY ALONG],UCrPseYLGpNygVi34QpGNqpA,Ludwig,2021-03-20T01:15:50Z
0KGvcyy5z18,This Video Proves Who is Smarter.,UCrPseYLGpNygVi34QpGNqpA,Ludwig,2021-03-18T18:25:44Z
3rGBisAobPE,I livestreamed every minute of my life for 3 days and here's how much I earned,UCrPseYLGpNygVi34QpGNqpA,Ludwig,2021-03-18T03:21:34Z
4nD5OFuUM7I,Why Ludwig is the Most Unique Streamer on Twitch,UCrPseYLGpNygVi34QpGNqpA,Ludwig,2021-03-17T00:17:21Z
_mrKvqkd2DE,The Video Ends When I Beat Winnie the Pooh Homerun Derby,UCrPseYLGpNygVi34QpGNqpA,Ludwig,2021-03-16T05:13:20Z
qmRQspiECu4,The Greatest Game of Geoguessr.,UCrPseYLGpNygVi34QpGNqpA,Ludwig,2021-03-15T06:05:25Z
-TA8UsrDl0A,Ranking the Best YouTuber Songs,UCrPseYLGpNygVi34QpGNqpA,Ludwig,2021-03-14T01:11:45Z
wL0c1Zp3iD0,Weighing Myself for the First Time Since Quarantine (Big Fail),UCrPseYLGpNygVi34QpGNqpA,Ludwig,2021-03-12T22:47:42Z
3vXGHf_GojI,Why I Took a Break.,UCrPseYLGpNygVi34QpGNqpA,Ludwig,2021-03-12T05:36:25Z
_yn5vhfhmX0,This Video Will Get Me Arrested,UCrPseYLGpNygVi34QpGNqpA,Ludwig,2021-03-10T18:52:10Z
OglsNGpIeXc,MOVING IN WITH THE BOYS,UCrPseYLGpNygVi34QpGNqpA,Ludwig,2021-03-10T04:53:51Z
jXlgutTVNGM,"I won $10,000 by NOT playing Mario Party",UCrPseYLGpNygVi34QpGNqpA,Ludwig,2021-03-09T05:21:23Z
vP_VkuDNr6A,Hivemind Episode 8,UCrPseYLGpNygVi34QpGNqpA,Ludwig,2021-03-06T11:00:31Z
0gZ0a6mc4Ek,The Greatest Game of Rocket League,UCrPseYLGpNygVi34QpGNqpA,Ludwig,2021-03-08T05:44:55Z
t5i5HtLrcQQ,I Beat a Woman in Chess,UCrPseYLGpNygVi34QpGNqpA,Ludwig,2021-03-07T03:39:44Z
tPIQyVpuOKQ,How I beat the best Geoguessr player in the world.,UCrPseYLGpNygVi34QpGNqpA,Ludwig,2021-03-06T02:22:36Z
c2J5lk0dX-Q,I had the worst day.,UCrPseYLGpNygVi34QpGNqpA,Ludwig,2021-03-05T01:19:34Z
G4rbiFakW8Y,I Asked YouTubers the Internets HARDEST Questions,UCrPseYLGpNygVi34QpGNqpA,Ludwig,2021-03-03T04:53:36Z
4E1K-g9O9Qo,I lied.,UCrPseYLGpNygVi34QpGNqpA,Ludwig,2021-03-03T03:33:55Z
77VW3C1s254,Is Twitch Chat SMARTER Than Itself?,UCrPseYLGpNygVi34QpGNqpA,Ludwig,2021-03-02T02:03:49Z
9ouo6gQMYVc,How I Became the Worst Breath of the Wild Speedrunner in the World.,UCrPseYLGpNygVi34QpGNqpA,Ludwig,2021-02-28T23:15:38Z
lvPmEmDJmh0,MrBeast Thought He Could Beat Me...,UCrPseYLGpNygVi34QpGNqpA,Ludwig,2021-02-28T04:52:04Z
s35Z7Peh2AU,THE BIGGEST GAMESHOW ON TWITCH,UCrPseYLGpNygVi34QpGNqpA,Ludwig,2021-02-26T06:44:11Z
Bbjcuc-7j9c,The New Face of Twitch,UCrPseYLGpNygVi34QpGNqpA,Ludwig,2021-02-26T06:19:11Z
huaF5YBKVAY,"Can I Beat 30,000 People in Geoguessr?",UCrPseYLGpNygVi34QpGNqpA,Ludwig,2021-02-25T04:52:08Z
6UTePhT7evU,How I Accidentally Became Friends with Magnus Carlsen,UCrPseYLGpNygVi34QpGNqpA,Ludwig,2021-02-24T05:35:44Z
kSwLl82wKQQ,Can You Taste the Difference Between Cheap and Expensive Cheese?,UCrPseYLGpNygVi34QpGNqpA,Ludwig,2021-02-23T06:23:15Z
8xP9dzxOOGw,"I Challenged 20,000 People to a game of Geoguessr.",UCrPseYLGpNygVi34QpGNqpA,Ludwig,2021-02-21T10:53:14Z
imn7p5yUZGo,Can 3 Gamers Beat 1 Radiant Player?,UCrPseYLGpNygVi34QpGNqpA,Ludwig,2021-02-21T01:37:24Z
y3zuJdlZWhY,Ludwig Ranks Every Fast Food Burger,UCrPseYLGpNygVi34QpGNqpA,Ludwig,2021-02-19T09:49:45Z
IWh8h-Xq3Wc,Our Gameshow Got Emotional. (Hivemind Episode 4),UCrPseYLGpNygVi34QpGNqpA,Ludwig,2021-02-17T17:46:43Z
wG_d-EUoiMQ,Playing Among Us But Sykkuno is a Snitch,UCrPseYLGpNygVi34QpGNqpA,Ludwig,2021-02-16T20:25:59Z
ZAc6Cj1Ldsg,My Girlfriend Bought the Worst Couples Costumes.,UCrPseYLGpNygVi34QpGNqpA,Ludwig,2021-02-17T03:48:47Z
GbtH3Z2P1w0,I'm taking a break.,UCrPseYLGpNygVi34QpGNqpA,Ludwig,2021-02-15T03:15:44Z
sWqUmhgMIy0,Ludwig Reacts to His Custom Among Us Skin,UCrPseYLGpNygVi34QpGNqpA,Ludwig,2021-02-14T15:08:47Z
NVYKPo8uf8E,I Played With The Greatest Geoguessr Player in the World,UCrPseYLGpNygVi34QpGNqpA,Ludwig,2021-02-14T05:30:48Z
d_o2Jnne6QM,Ludwig Reacts to the FUNNIEST Tik Toks,UCrPseYLGpNygVi34QpGNqpA,Ludwig,2021-02-11T02:48:31Z
PHEIkwaZ5vg,I Bought Shroud.,UCrPseYLGpNygVi34QpGNqpA,Ludwig,2021-02-11T23:47:21Z
-sdJ2JdtlGY,Can 3 Guys Beat A Blindfolded Chess Master?,UCrPseYLGpNygVi34QpGNqpA,Ludwig,2021-02-09T06:05:33Z
0i9gkprYekI,DON'T START STREAMING BEFORE WATCHING THIS,UCrPseYLGpNygVi34QpGNqpA,Ludwig,2021-02-09T02:45:11Z
2uJzBB4gzNc,I Made a Gameshow with WOMEN (Hivemind Episode 3),UCrPseYLGpNygVi34QpGNqpA,Ludwig,2021-02-07T16:28:11Z
VZRVtY2t89g,I Tried Beating the Best Geoguessr Player in the World.,UCrPseYLGpNygVi34QpGNqpA,Ludwig,2021-02-08T03:16:57Z
nOzeJzikKjc,Reacting To My Old Commercials (Still Funny?),UCrPseYLGpNygVi34QpGNqpA,Ludwig,2021-02-06T09:48:34Z
wDWBPLkre4E,My Chat Thought I Couldn't Do It.,UCrPseYLGpNygVi34QpGNqpA,Ludwig,2021-02-05T21:11:28Z
mBvuq4ijT7o,Can I Beat A Chess Master With No Queen?,UCrPseYLGpNygVi34QpGNqpA,Ludwig,2021-02-05T03:52:33Z
XmhR922xyaE,Ludwig Gets Honest with Dr. K,UCrPseYLGpNygVi34QpGNqpA,Ludwig,2021-02-04T02:14:59Z
GGGrmu_cYto,I Speedrun Wikipedia.,UCrPseYLGpNygVi34QpGNqpA,Ludwig,2021-02-02T06:53:41Z
PlEwDZI1rVw,I Challenged the Best Geoguessr Player in the World.,UCrPseYLGpNygVi34QpGNqpA,Ludwig,2021-02-02T05:53:21Z
frA0zyaETn4,Ludwig Gets Destroyed By LudwigBot,UCrPseYLGpNygVi34QpGNqpA,Ludwig,2021-02-01T05:09:30Z
-a6WjsrpPks,Our Gameshow Almost Got Cancelled... (Hivemind Episode 2),UCrPseYLGpNygVi34QpGNqpA,Ludwig,2021-01-31T05:23:51Z
04yUxKmeoe8,stonk,UCrPseYLGpNygVi34QpGNqpA,Ludwig,2021-01-30T03:11:05Z
pgsI0j6y15E,Can 3 Gamers Beat 1 Rocket League Pro?,UCrPseYLGpNygVi34QpGNqpA,Ludwig,2021-01-28T16:06:33Z
2yL2A9QqLDQ,I might go to Jail...,UCrPseYLGpNygVi34QpGNqpA,Ludwig,2021-01-28T06:05:04Z
f9cQDQfrg1o,WHERE AM I? (ULTIMATE GEOGUESSR CHALLENGE),UCrPseYLGpNygVi34QpGNqpA,Ludwig,2021-01-27T01:53:20Z
8MN2SkZjEJ4,"AM I SMARTER THAN 20,000 PEOPLE (HIGHER OR LOWER)",UCrPseYLGpNygVi34QpGNqpA,Ludwig,2021-01-26T05:22:30Z
TYOgMlCdKco,I Swapped Streams With My Girlfriend...,UCrPseYLGpNygVi34QpGNqpA,Ludwig,2021-01-25T03:45:37Z
XpuDP4576do,Among Us But I Try To Get Voted Off (Jester Mod),UCrPseYLGpNygVi34QpGNqpA,Ludwig,2021-01-24T05:51:02Z
V65Qucy64Ms,We Made a Gameshow (Hivemind Episode 1),UCrPseYLGpNygVi34QpGNqpA,Ludwig,2021-01-23T02:58:29Z
_nf0CEiXhv4,We Started a Business.,UCrPseYLGpNygVi34QpGNqpA,Ludwig,2021-01-22T06:01:02Z
VD128dIhR-U,Oops.,UCrPseYLGpNygVi34QpGNqpA,Ludwig,2021-01-21T07:14:50Z
-XOONEzr4FU,This Code Miko Interview Went Wrong...,UCrPseYLGpNygVi34QpGNqpA,Ludwig,2021-01-20T06:19:40Z
udrhLtb3UJM,Technoblade is in this video.,UCrPseYLGpNygVi34QpGNqpA,Ludwig,2021-01-19T05:39:49Z
VTBNwwQd_KA,The Greatest Rivalry of All Time.,UCrPseYLGpNygVi34QpGNqpA,Ludwig,2021-01-18T06:06:44Z
APnRg5HqqrE,The Channel is Changing.,UCrPseYLGpNygVi34QpGNqpA,Ludwig,2021-01-17T03:15:48Z
XgGv_pie2kY,A Message from GeorgeNotFound,UCrPseYLGpNygVi34QpGNqpA,Ludwig,2021-01-16T06:10:41Z
hYwdtbo8Ej8,I Have One Friend.,UCrPseYLGpNygVi34QpGNqpA,Ludwig,2021-01-15T03:30:43Z
knocv9CYPd4,Among Us But We Take A Shot Every Death.,UCrPseYLGpNygVi34QpGNqpA,Ludwig,2021-01-14T07:02:47Z
zAyqABGsZqQ,Drunk Among Us is a Fantastic Mistake,UCrPseYLGpNygVi34QpGNqpA,Ludwig,2021-01-13T01:34:35Z
OEjsRVIfG_M,I Took My Girlfriend's Credit Card,UCrPseYLGpNygVi34QpGNqpA,Ludwig,2021-01-12T07:02:33Z
6HVN6jEuv6U,Ludwig News,UCrPseYLGpNygVi34QpGNqpA,Ludwig,2021-01-11T06:17:00Z
t4i39Eb_A2Y,I Have No Friends...,UCrPseYLGpNygVi34QpGNqpA,Ludwig,2021-01-10T06:32:44Z
DuDjamSN4vQ,I Became Sykkuno For a Day.,UCrPseYLGpNygVi34QpGNqpA,Ludwig,2021-01-09T05:40:26Z
ap5DYkqJQ18,My Viewers Got My Address and Sent Me This...,UCrPseYLGpNygVi34QpGNqpA,Ludwig,2021-01-08T07:01:26Z
Li7mAhHGU5c,How I Accidentally Became the Worst Speedrunner in the World,UCrPseYLGpNygVi34QpGNqpA,Ludwig,2021-01-07T07:11:48Z
mI-U6RNszRs,Can Twitch Chat STOP me from beating Pokemon?,UCrPseYLGpNygVi34QpGNqpA,Ludwig,2021-01-06T05:50:12Z
PgHSdq6e-FA,Can You Taste the Difference Between Cheap and Expensive Water?,UCrPseYLGpNygVi34QpGNqpA,Ludwig,2021-01-05T06:50:04Z
2OQa6DfGUf0,Corpse Husband is in this video.,UCrPseYLGpNygVi34QpGNqpA,Ludwig,2021-01-04T06:01:25Z
rU9Hu84yQHk,1 MILLION SUB SPECIAL,UCrPseYLGpNygVi34QpGNqpA,Ludwig,2021-01-03T00:44:50Z
ZQL5mj_MFwg,THE BEST OF LUDWIG,UCrPseYLGpNygVi34QpGNqpA,Ludwig,2021-01-02T06:46:28Z
9lCr-U2pgR8,Corpse doesn't know where Finland is...,UCrPseYLGpNygVi34QpGNqpA,Ludwig,2021-01-01T06:39:14Z
t3ma5ePJS4E,She took everything...,UCrPseYLGpNygVi34QpGNqpA,Ludwig,2020-12-31T03:35:35Z
0QmFQp40w08,Would You Ban Him?,UCrPseYLGpNygVi34QpGNqpA,Ludwig,2020-12-27T09:46:27Z
ySRj_o4PELQ,I Gave My Credit Card to Twitch Chat.,UCrPseYLGpNygVi34QpGNqpA,Ludwig,2020-12-29T04:00:39Z
WzyQbfh4t_8,I Am Not Your Friend,UCrPseYLGpNygVi34QpGNqpA,Ludwig,2020-12-28T01:51:34Z
DJjkaakfOlc,I bet $500 I wasn't the impostor...,UCrPseYLGpNygVi34QpGNqpA,Ludwig,2020-12-27T02:56:30Z
auco55OyRi0,Pokemon But Twitch Chat Tries to Stop Me.,UCrPseYLGpNygVi34QpGNqpA,Ludwig,2020-12-24T21:35:17Z
cE_01HbV8pU,Ludwig - Baby It's Cold Outside (Official Music Video),UCrPseYLGpNygVi34QpGNqpA,Ludwig,2020-12-24T22:43:42Z
HBTAa4UZxxs,Ludwig Watches Anime for 48 Minutes.,UCrPseYLGpNygVi34QpGNqpA,Ludwig,2020-12-25T00:02:57Z
znl1YKd_8XM,He got BANNED last year for this.,UCrPseYLGpNygVi34QpGNqpA,Ludwig,2020-12-24T11:18:15Z
jJ0erEnPjtA,I'm going to get cancelled.,UCrPseYLGpNygVi34QpGNqpA,Ludwig,2020-12-23T05:25:35Z
CkW8B60nc60,Corpse Narrates My Life.,UCrPseYLGpNygVi34QpGNqpA,Ludwig,2020-12-22T06:17:51Z
-pEzWf3Ohcg,I Tried Every Cereal and Ranked Them.,UCrPseYLGpNygVi34QpGNqpA,Ludwig,2020-12-21T01:33:27Z
-wY8xPT-2ow,I got robbed.,UCrPseYLGpNygVi34QpGNqpA,Ludwig,2020-12-20T03:43:55Z
7gg-gGZcz08,"I Opened a $30,000 Box of Pokemon Cards...",UCrPseYLGpNygVi34QpGNqpA,Ludwig,2020-12-19T04:22:26Z
mh5NPwSKQL8,Dream's 1000 IQ Read (It wasn't luck),UCrPseYLGpNygVi34QpGNqpA,Ludwig,2020-12-17T22:51:24Z
79npvk_ueLo,I messed up.,UCrPseYLGpNygVi34QpGNqpA,Ludwig,2020-12-16T06:59:11Z
JiLcwQkgSN8,Ludwig is a bad influence...,UCrPseYLGpNygVi34QpGNqpA,Ludwig,2020-12-16T02:40:37Z
92plS2dt3ME,I met technoblade...,UCrPseYLGpNygVi34QpGNqpA,Ludwig,2020-12-15T02:10:29Z
bugbaJsX5DY,Protect Dream at all Costs.,UCrPseYLGpNygVi34QpGNqpA,Ludwig,2020-12-13T14:02:49Z
uYR4xWHrSKE,Stop Sharing This Picture.,UCrPseYLGpNygVi34QpGNqpA,Ludwig,2020-12-12T08:32:38Z
S9K_H3-btiA,Thank You,UCrPseYLGpNygVi34QpGNqpA,Ludwig,2020-12-12T03:45:15Z
T-_bDGg1u6Y,"The ""King"" of Twitch",UCrPseYLGpNygVi34QpGNqpA,Ludwig,2020-12-09T07:03:25Z
yxHLuYRjLoo,I Built a Working Casino in Minecraft.,UCrPseYLGpNygVi34QpGNqpA,Ludwig,2020-12-07T05:39:36Z
X4oNTSZuuks,CORPSE WON'T STOP YELLING AT ME,UCrPseYLGpNygVi34QpGNqpA,Ludwig,2020-12-08T05:23:52Z
yoCnUgZp9FM,I Paid $777 For This Box WITHOUT Knowing What's Inside.,UCrPseYLGpNygVi34QpGNqpA,Ludwig,2020-12-07T22:41:26Z
cNAAu8wrt3M,Ludwig - Last Christmas,UCrPseYLGpNygVi34QpGNqpA,Ludwig,2020-12-07T10:19:21Z
x48xMhIAx0s,Ludwig  - The Christmas Song,UCrPseYLGpNygVi34QpGNqpA,Ludwig,2020-12-07T10:19:53Z
4rY-AWJdr60,"Ludwig - Baby, It's Cold Outside (feat. QTCinderella)",UCrPseYLGpNygVi34QpGNqpA,Ludwig,2020-12-07T10:19:10Z
NKby_TcvdDU,Ludwig  - The Most Wonderful Time of the Year,UCrPseYLGpNygVi34QpGNqpA,Ludwig,2020-12-07T10:20:08Z
xm9jVAYMZ_o,Ludwig - Little Saint Nick,UCrPseYLGpNygVi34QpGNqpA,Ludwig,2020-12-07T10:19:43Z
jK6W_nQjZyg,Ludwig - All I Want for Christmas is You,UCrPseYLGpNygVi34QpGNqpA,Ludwig,2020-12-07T10:18:53Z
TtY9eRayseg,Ludwig - A Very Mogul Christmas,UCrPseYLGpNygVi34QpGNqpA,Ludwig,2020-12-07T06:05:58Z
dkhbdRhtaoo,The Greatest Business Deals in Minecraft.,UCrPseYLGpNygVi34QpGNqpA,Ludwig,2020-12-06T04:24:18Z
v6aNyQgXTXY,The Greatest Game of Family Feud,UCrPseYLGpNygVi34QpGNqpA,Ludwig,2020-12-05T05:34:56Z
pPdRjdrcfwc,Teaching Him How to Scam.,UCrPseYLGpNygVi34QpGNqpA,Ludwig,2020-12-04T04:09:06Z
De-507ipQHc,man beats minecraft,UCrPseYLGpNygVi34QpGNqpA,Ludwig,2020-12-03T05:44:02Z
0Yqr5ps04ac,Why I Can't Say It Anymore.,UCrPseYLGpNygVi34QpGNqpA,Ludwig,2020-12-02T01:25:37Z
wI0bNszHGds,I fell for it...,UCrPseYLGpNygVi34QpGNqpA,Ludwig,2020-12-01T00:16:08Z
JPTyDINDIS0,Are You Smarter Than a Streamer?,UCrPseYLGpNygVi34QpGNqpA,Ludwig,2020-11-30T04:55:05Z
j7VJk13RlLE,Can You Survive a Nuke in Minecraft?,UCrPseYLGpNygVi34QpGNqpA,Ludwig,2020-11-28T23:35:48Z
CBvtJx7rm58,I saw him vent and kept it a secret.,UCrPseYLGpNygVi34QpGNqpA,Ludwig,2020-11-27T05:04:10Z
ixW5cLwepiw,"We Bought $235,000 Worth of Pokémon Cards.",UCrPseYLGpNygVi34QpGNqpA,Ludwig,2020-11-27T05:33:54Z
mGsafpPhe2k,Scamming kids in Minecraft,UCrPseYLGpNygVi34QpGNqpA,Ludwig,2020-11-26T02:39:52Z
7JM3W0xNJEE,I've fallen and I can't get up,UCrPseYLGpNygVi34QpGNqpA,Ludwig,2020-11-25T02:11:29Z
FFvMUhebpRI,I GOT SUED,UCrPseYLGpNygVi34QpGNqpA,Ludwig,2020-11-24T01:04:10Z
DFtreivIXIE,youtubers vs streamers,UCrPseYLGpNygVi34QpGNqpA,Ludwig,2020-11-22T01:12:12Z
UvmTKZvNodE,I need your help.,UCrPseYLGpNygVi34QpGNqpA,Ludwig,2020-11-22T02:36:47Z
EF7kLxCKets,I got bullied on OfflineTV's Minecraft Server.,UCrPseYLGpNygVi34QpGNqpA,Ludwig,2020-11-21T00:42:24Z
CLPjtwZgyxs,Nintendo Stole From Me,UCrPseYLGpNygVi34QpGNqpA,Ludwig,2020-11-19T23:04:10Z
YC__eud5nck,impressing OFFLINETV with my drawing skills,UCrPseYLGpNygVi34QpGNqpA,Ludwig,2020-11-19T01:10:21Z
53scfdBfrrI,I collect taxes in Minecraft.,UCrPseYLGpNygVi34QpGNqpA,Ludwig,2020-11-18T07:39:35Z
WsDJKnG2GTo,I am a millionaire.,UCrPseYLGpNygVi34QpGNqpA,Ludwig,2020-11-17T03:23:03Z
sCiMBqfrcmk,Possibly the world's greatest singer.,UCrPseYLGpNygVi34QpGNqpA,Ludwig,2020-11-16T06:09:59Z
VpUYpCZbgMU,I Won the Doritos Championship,UCrPseYLGpNygVi34QpGNqpA,Ludwig,2020-11-15T04:11:40Z
JTanCzS57xo,Can You Taste the Difference Between Cheap and Expensive Steak?,UCrPseYLGpNygVi34QpGNqpA,Ludwig,2020-11-14T05:56:52Z
JH0hECo-m7w,I lost everything...,UCrPseYLGpNygVi34QpGNqpA,Ludwig,2020-11-13T04:33:43Z
YHBVJ4Ocb6s,you will never find me.,UCrPseYLGpNygVi34QpGNqpA,Ludwig,2020-11-12T04:14:20Z
8kGtMB79O3A,The Greatest Pokemon Unboxing Ever.,UCrPseYLGpNygVi34QpGNqpA,Ludwig,2020-11-11T06:17:35Z
4Y_WONA6Zkg,So I got hacked...,UCrPseYLGpNygVi34QpGNqpA,Ludwig,2020-11-10T02:20:26Z
v3LZVPwssIk,GREATEST AMONG US GAME EVER.,UCrPseYLGpNygVi34QpGNqpA,Ludwig,2020-11-08T07:24:23Z
EKqzVE02InE,I Gave My Credit Card to my Girlfriend,UCrPseYLGpNygVi34QpGNqpA,Ludwig,2020-11-06T23:53:02Z
QCwSUGVCyTo,Donating to small streamers if they answer right.,UCrPseYLGpNygVi34QpGNqpA,Ludwig,2020-11-06T04:53:48Z
7VjqQzuJpLM,Doing whatever stream tells me to do.,UCrPseYLGpNygVi34QpGNqpA,Ludwig,2020-11-05T01:57:19Z
w2A1Xtol6S8,Why I deleted my Twitch channel.,UCrPseYLGpNygVi34QpGNqpA,Ludwig,2020-11-04T04:06:07Z
fEmsmjO914U,A viewer sent me poison.,UCrPseYLGpNygVi34QpGNqpA,Ludwig,2020-11-03T05:52:43Z
JMJek_MKFNs,We tried the worst couples costumes.,UCrPseYLGpNygVi34QpGNqpA,Ludwig,2020-11-01T18:41:43Z
eiA3byGTejA,answering EVERY question chat asks but I can't lie,UCrPseYLGpNygVi34QpGNqpA,Ludwig,2020-11-01T05:14:06Z
v7ufQ5Sz-no,I MADE money by donating to streamers,UCrPseYLGpNygVi34QpGNqpA,Ludwig,2020-10-30T10:47:16Z
rO5uT_Pbf60,"I burned $10,000",UCrPseYLGpNygVi34QpGNqpA,Ludwig,2020-10-30T00:43:14Z
kbji1o639O4,KSI is my best friend,UCrPseYLGpNygVi34QpGNqpA,Ludwig,2020-10-29T04:39:42Z
DGy_bK69kLY,speedrunning minecraft but my friends ruin it,UCrPseYLGpNygVi34QpGNqpA,Ludwig,2020-10-28T01:57:55Z
ffDoZxB-pRU,Ranking animals I could beat in a fight ft. TierZoo,UCrPseYLGpNygVi34QpGNqpA,Ludwig,2020-10-27T05:31:31Z
c63wF2NoeK0,HIDING IN PLAIN SIGHT,UCrPseYLGpNygVi34QpGNqpA,Ludwig,2020-10-24T10:18:27Z
MyKC-iYgROE,Why I'm getting banned on Twitch,UCrPseYLGpNygVi34QpGNqpA,Ludwig,2020-10-24T14:12:22Z
l7hWoVbENtQ,Ludwig Reacts to Unusual Memes,UCrPseYLGpNygVi34QpGNqpA,Ludwig,2020-10-23T17:27:53Z
GUzSn6MzilE,PROTECT LILY AT ALL COSTS,UCrPseYLGpNygVi34QpGNqpA,Ludwig,2020-10-23T01:36:02Z
RmrYti_pfKk,Don’t call me a rapper.,UCrPseYLGpNygVi34QpGNqpA,Ludwig,2020-10-21T00:09:39Z
V-A9eT4WFps,I paid my taxes...,UCrPseYLGpNygVi34QpGNqpA,Ludwig,2020-10-20T22:01:55Z
hs4X9aOcd4A,I caught her CHEATING,UCrPseYLGpNygVi34QpGNqpA,Ludwig,2020-10-19T03:28:13Z
SKM5JQV5Pd8,They said I couldn't speedrun IMDb.,UCrPseYLGpNygVi34QpGNqpA,Ludwig,2020-10-19T04:15:02Z
MH5R44i7OsY,Only ONE of us is gay...,UCrPseYLGpNygVi34QpGNqpA,Ludwig,2020-10-17T01:26:54Z
8Ut6PUHyu2E,Streamers I can beat in a fight,UCrPseYLGpNygVi34QpGNqpA,Ludwig,2020-10-17T04:20:07Z
QESreaHr9FA,my last video went viral...,UCrPseYLGpNygVi34QpGNqpA,Ludwig,2020-10-16T00:56:39Z
KwspAZVoB4Q,winning with 300 IQ teammate,UCrPseYLGpNygVi34QpGNqpA,Ludwig,2020-10-15T02:08:40Z
tCKfsqprWW0,Donating to small streamers if they do what I ask.,UCrPseYLGpNygVi34QpGNqpA,Ludwig,2020-10-14T03:32:31Z
FHlmp9NvFfg,"UNBOXING $3,000 WORTH OF GARBAGE",UCrPseYLGpNygVi34QpGNqpA,Ludwig,2020-10-13T04:49:11Z
BPfRYu45PlA,it is impossible to win against these two...,UCrPseYLGpNygVi34QpGNqpA,Ludwig,2020-10-12T02:26:18Z
GVTCxgFuhbM,she made me go shopping...,UCrPseYLGpNygVi34QpGNqpA,Ludwig,2020-10-10T23:58:34Z
PEhbRdQ-QyE,"The 10,000 IQ Impostor Duo",UCrPseYLGpNygVi34QpGNqpA,Ludwig,2020-10-09T09:29:28Z
jPQTK1-mm1o,STOP HITTING THE BUTTON,UCrPseYLGpNygVi34QpGNqpA,Ludwig,2020-10-09T00:08:06Z
MuKH8jPsgeA,they say you can't hear a picture...,UCrPseYLGpNygVi34QpGNqpA,Ludwig,2020-10-07T15:02:08Z
9ERwPHARDEM,The World's Greatest Impostor Game,UCrPseYLGpNygVi34QpGNqpA,Ludwig,2020-10-06T11:36:25Z
X5QVuuaLOM4,So I answered EVERY Twitter question...,UCrPseYLGpNygVi34QpGNqpA,Ludwig,2020-10-06T01:42:06Z
RRWcmi_qYw8,Ludwig Bets it BIG on Blackjack,UCrPseYLGpNygVi34QpGNqpA,Ludwig,2020-10-05T00:03:37Z
IWsw-hBg9Qw,I SCARED HER,UCrPseYLGpNygVi34QpGNqpA,Ludwig,2020-10-03T23:23:48Z
pizNCIsgNfs,RISKING IT ALL,UCrPseYLGpNygVi34QpGNqpA,Ludwig,2020-10-03T00:18:24Z
RVMOu8i3Mzk,Ludwig Reacts to Unusual Memes that FORCE you to laugh,UCrPseYLGpNygVi34QpGNqpA,Ludwig,2020-10-02T01:34:39Z
-CsfEA3pf4s,a totally normal game of among us,UCrPseYLGpNygVi34QpGNqpA,Ludwig,2020-10-01T03:12:04Z
F1JcLXeFwsc,Ludwig answers the internets most asked questions,UCrPseYLGpNygVi34QpGNqpA,Ludwig,2020-09-30T02:03:12Z
lgjVtTwxBoc,BAD SONG = BAN,UCrPseYLGpNygVi34QpGNqpA,Ludwig,2020-09-29T01:47:29Z
ehoQc69B8t4,game recognize game,UCrPseYLGpNygVi34QpGNqpA,Ludwig,2020-09-28T01:23:52Z
o3DhhvL2RU4,How I became the best speedrunner in the world for one day,UCrPseYLGpNygVi34QpGNqpA,Ludwig,2020-09-27T01:31:37Z
Hu7Hfs2foh0,How I won without saying a word,UCrPseYLGpNygVi34QpGNqpA,Ludwig,2020-09-26T05:31:30Z
FKQH7K6x-C8,I Gave My Credit Card to Stream,UCrPseYLGpNygVi34QpGNqpA,Ludwig,2020-09-25T09:03:34Z
Ju11kvNjL9I,I tricked them,UCrPseYLGpNygVi34QpGNqpA,Ludwig,2020-09-24T01:21:44Z
Y1sgQHCv_BQ,So I played with the creator of Among Us...,UCrPseYLGpNygVi34QpGNqpA,Ludwig,2020-09-23T05:36:19Z
KiDpZ3GxOjI,I banned him.,UCrPseYLGpNygVi34QpGNqpA,Ludwig,2020-09-21T03:46:36Z
Bar5cxot6M0,LEARNING THE BEST IMPOSTOR PLAYS,UCrPseYLGpNygVi34QpGNqpA,Ludwig,2020-09-21T03:59:56Z
H5P4dv8RnB4,So I played Among Us with the biggest Youtubers in the world...,UCrPseYLGpNygVi34QpGNqpA,Ludwig,2020-09-19T01:49:14Z
DPb9FGZReAM,So this happened...,UCrPseYLGpNygVi34QpGNqpA,Ludwig,2020-09-18T02:43:37Z
SxakdM6FtgQ,I played with the best Among Us player in the world...,UCrPseYLGpNygVi34QpGNqpA,Ludwig,2020-09-18T01:42:21Z
2TLCnZCSLOI,300 IQ IMPOSTOR READS,UCrPseYLGpNygVi34QpGNqpA,Ludwig,2020-09-17T03:54:17Z
FVag7kx479w,The NEW Jump King,UCrPseYLGpNygVi34QpGNqpA,Ludwig,2020-09-15T19:35:06Z
1RQt6EdKeMg,LUDWIG VS JSCHLATT,UCrPseYLGpNygVi34QpGNqpA,Ludwig,2020-09-14T06:05:38Z
mIUoRP6oWuA,200 IQ IMPOSTOR READS,UCrPseYLGpNygVi34QpGNqpA,Ludwig,2020-09-13T23:05:25Z
dJFosl0Uc2M,they didn't see it coming...,UCrPseYLGpNygVi34QpGNqpA,Ludwig,2020-09-13T00:49:59Z
Nn4w-ELTTzo,exposing callmecarson,UCrPseYLGpNygVi34QpGNqpA,Ludwig,2020-09-11T22:42:18Z
1OKFFMrU4tQ,NO... NO... YES,UCrPseYLGpNygVi34QpGNqpA,Ludwig,2020-09-11T02:17:46Z
NYLmb2CkzEU,Rating my viewers YouTube channels,UCrPseYLGpNygVi34QpGNqpA,Ludwig,2020-09-09T21:14:06Z
qTuF2ljzJlA,The FASTEST Impostor Win of All Time,UCrPseYLGpNygVi34QpGNqpA,Ludwig,2020-09-09T03:51:29Z
MEGhOPtkD60,he took everything...,UCrPseYLGpNygVi34QpGNqpA,Ludwig,2020-09-08T03:40:22Z
MyhPsGBTFZc,my new best friend,UCrPseYLGpNygVi34QpGNqpA,Ludwig,2020-09-07T04:19:29Z
P1CCwsdsp78,I bet the eyebrows,UCrPseYLGpNygVi34QpGNqpA,Ludwig,2020-09-06T05:47:47Z
HLNC9_JuFWg,How I became the world's best Among Us player,UCrPseYLGpNygVi34QpGNqpA,Ludwig,2020-09-05T02:08:54Z
lhkDg0qrEVE,"The $50,000 Scam",UCrPseYLGpNygVi34QpGNqpA,Ludwig,2020-09-04T03:13:55Z
98kiHczyoGE,Don't trust him...,UCrPseYLGpNygVi34QpGNqpA,Ludwig,2020-09-02T22:23:41Z
ocLRQzCs4mI,SHE RATTED ME OUT,UCrPseYLGpNygVi34QpGNqpA,Ludwig,2020-09-01T10:50:13Z
fOoykWmKPE4,OPENING WHAT TWITCH CHAT SENT ME,UCrPseYLGpNygVi34QpGNqpA,Ludwig,2020-08-31T00:14:42Z
xaGZBG1ez8g,200 IQ IMPOSTOR PLAYS,UCrPseYLGpNygVi34QpGNqpA,Ludwig,2020-08-30T23:53:51Z
eANQCs8gG4s,HER TWITTER IS A PROBLEM,UCrPseYLGpNygVi34QpGNqpA,Ludwig,2020-08-29T10:41:42Z
aKEKHCQrXa8,"I AM THE JUDGE, JURY AND EXECUTIONER",UCrPseYLGpNygVi34QpGNqpA,Ludwig,2020-08-28T02:28:48Z
W410Tse7hiA,the best pulls!!!,UCrPseYLGpNygVi34QpGNqpA,Ludwig,2020-08-27T02:51:51Z
wOEc2TSzNlE,they think I’m impostor,UCrPseYLGpNygVi34QpGNqpA,Ludwig,2020-08-26T21:18:45Z
xrshK6xNQYw,Saying YES to everything stream makes me do,UCrPseYLGpNygVi34QpGNqpA,Ludwig,2020-08-26T10:50:54Z
OFcCYwtQ_Is,I regret streaming with QTCinderella...,UCrPseYLGpNygVi34QpGNqpA,Ludwig,2020-08-25T05:04:16Z
tqkVrd6NGNk,kids are ███████ stupid,UCrPseYLGpNygVi34QpGNqpA,Ludwig,2020-08-24T01:45:00Z
sZ4aHjQ7Fv4,stop making fun of my beard,UCrPseYLGpNygVi34QpGNqpA,Ludwig,2020-08-23T00:53:02Z
xnvrR2s7XXQ,How I became the world's best Geogusser player,UCrPseYLGpNygVi34QpGNqpA,Ludwig,2020-08-21T22:57:13Z
02XPz7nGNAI,THE BEST IMPOSTOR PLAYS,UCrPseYLGpNygVi34QpGNqpA,Ludwig,2020-08-20T23:45:30Z
mLBSZPBonCA,i can be your angle or yuor devil,UCrPseYLGpNygVi34QpGNqpA,Ludwig,2020-08-19T23:02:59Z
QS8s-zozBR4,I CANNOT BELIEVE SHE LEAKED,UCrPseYLGpNygVi34QpGNqpA,Ludwig,2020-08-19T02:28:19Z
UAC_uX1UvFY,I HAD THE PERFECT GAME,UCrPseYLGpNygVi34QpGNqpA,Ludwig,2020-08-17T23:53:31Z
-QbX-JcXC90,HOW I GOT THE WIKIPEDIA SPEEDRUN WORLD RECORD,UCrPseYLGpNygVi34QpGNqpA,Ludwig,2020-08-17T02:32:24Z
fNEItY3fZPI,we have beef,UCrPseYLGpNygVi34QpGNqpA,Ludwig,2020-08-16T01:52:47Z
AWQaWpriUqo,xQc CANNOT be trusted,UCrPseYLGpNygVi34QpGNqpA,Ludwig,2020-08-15T02:44:04Z
amIdzQnI9Nw,TRYING BRITISH SNACKS WITH QTCINDERELLA,UCrPseYLGpNygVi34QpGNqpA,Ludwig,2020-08-13T21:46:32Z
ed0mxCN3AhY,I lied,UCrPseYLGpNygVi34QpGNqpA,Ludwig,2020-08-13T02:36:17Z
swrWSlf9ZHU,EXTREMELY normal Getting Over It video...,UCrPseYLGpNygVi34QpGNqpA,Ludwig,2020-08-11T22:41:46Z
zeGmJ8gELec,Getting Over It but it's actually Pogostuck,UCrPseYLGpNygVi34QpGNqpA,Ludwig,2020-08-10T02:56:11Z
QKy10GXWvJ0,I WIN,UCrPseYLGpNygVi34QpGNqpA,Ludwig,2020-08-09T23:53:41Z
Xk3JiudiRCw,I AM FALL,UCrPseYLGpNygVi34QpGNqpA,Ludwig,2020-08-09T00:09:24Z
HBF8YtsudQs,I AM TOP 10 IN THE WORLD,UCrPseYLGpNygVi34QpGNqpA,Ludwig,2020-08-07T21:33:33Z
vqvLLcPg2gs,TRYING EVERY OREO WITH QTCINDERELLA,UCrPseYLGpNygVi34QpGNqpA,Ludwig,2020-08-07T01:06:00Z
WIUU3sCbTMk,Dying of Laughter in GTA 5 Online,UCrPseYLGpNygVi34QpGNqpA,Ludwig,2020-08-05T04:24:16Z
ejojjZ9RR5A,The RUDEST streamer on Twitch,UCrPseYLGpNygVi34QpGNqpA,Ludwig,2020-08-04T10:21:27Z
5jvH-OSkzKo,I'm sorry.,UCrPseYLGpNygVi34QpGNqpA,Ludwig,2020-08-03T09:22:55Z
9YaSwMCqfQE,I beat the hardest games of all time in 1 hour.,UCrPseYLGpNygVi34QpGNqpA,Ludwig,2020-08-01T20:47:15Z
3y0fkwS5a_0,I fell,UCrPseYLGpNygVi34QpGNqpA,Ludwig,2020-08-02T00:12:08Z
SnLroRkvt0o,I made pizza,UCrPseYLGpNygVi34QpGNqpA,Ludwig,2020-07-31T22:04:13Z
QANfBKMGw6Q,oops,UCrPseYLGpNygVi34QpGNqpA,Ludwig,2020-07-30T22:20:57Z
33VDkzhjtY8,FLORIDA MAN ALMOST KILLS ME,UCrPseYLGpNygVi34QpGNqpA,Ludwig,2020-07-29T22:20:59Z
H3ZHV44ZxZM,How I beat the hardest game ever made (pogostuck 2),UCrPseYLGpNygVi34QpGNqpA,Ludwig,2020-07-29T04:46:40Z
_Xe3T0sH0E0,I AM SPEEDEST,UCrPseYLGpNygVi34QpGNqpA,Ludwig,2020-07-28T01:26:35Z
tx9FJXOC2qY,this was a mistake...,UCrPseYLGpNygVi34QpGNqpA,Ludwig,2020-07-27T03:41:49Z
UBc8wBu1Nyk,GOING ALL IN,UCrPseYLGpNygVi34QpGNqpA,Ludwig,2020-07-25T03:28:41Z
7WPkvGN_aKc,How I became the world's most infamous tax fugitive,UCrPseYLGpNygVi34QpGNqpA,Ludwig,2020-07-24T21:36:38Z
HvNbxaf3yGM,Confronting Clint Stevens,UCrPseYLGpNygVi34QpGNqpA,Ludwig,2020-07-24T03:58:48Z
AnUQ9xTYh9A,Confronting CallMeCarson,UCrPseYLGpNygVi34QpGNqpA,Ludwig,2020-07-22T23:22:55Z
ndo8cn0HtUo,So I made computers fight each other...,UCrPseYLGpNygVi34QpGNqpA,Ludwig,2020-07-21T23:37:10Z
9LFfI6ru2r8,I LOST,UCrPseYLGpNygVi34QpGNqpA,Ludwig,2020-07-21T02:33:58Z
JYt-f7Q94XA,Ludwig Reacts to Tik Toks that make you UGLY laugh,UCrPseYLGpNygVi34QpGNqpA,Ludwig,2020-07-19T00:55:25Z
sqYQkACbsfc,Responding to Wilbur's comments.,UCrPseYLGpNygVi34QpGNqpA,Ludwig,2020-07-18T10:15:17Z
SM0jaGNvEvo,I AM SPEEDER,UCrPseYLGpNygVi34QpGNqpA,Ludwig,2020-07-18T07:13:27Z
rxldY_gPfiM,I cannot take her anywhere...,UCrPseYLGpNygVi34QpGNqpA,Ludwig,2020-07-16T23:25:48Z
xdhSie5yyrE,So I made a Twitch Streamer tier list...,UCrPseYLGpNygVi34QpGNqpA,Ludwig,2020-07-16T04:52:33Z
3UX5UrPyoAo,I AM SPEED,UCrPseYLGpNygVi34QpGNqpA,Ludwig,2020-07-15T02:55:54Z
klOleekB6Mk,So I ranked YouTubers...,UCrPseYLGpNygVi34QpGNqpA,Ludwig,2020-07-14T00:30:51Z
9zg_AfjqlzU,RANKING THE BEST ANIME FIGHTS OF ALL TIME,UCrPseYLGpNygVi34QpGNqpA,Ludwig,2020-07-12T11:31:42Z
1CZCnS24s8I,USING ALL 100 OF MY IQ,UCrPseYLGpNygVi34QpGNqpA,Ludwig,2020-07-12T04:50:53Z
84z7pjNBjjo,If Twitch Chat Makes us Laugh the Video Ends.,UCrPseYLGpNygVi34QpGNqpA,Ludwig,2020-07-10T23:44:45Z
jQApnbths3o,So I let Twitch Chat MAKE the Music...,UCrPseYLGpNygVi34QpGNqpA,Ludwig,2020-07-10T04:01:57Z
0Lm9oScY8Rk,MY BIGGEST SIMP,UCrPseYLGpNygVi34QpGNqpA,Ludwig,2020-07-09T00:20:11Z
w1lJL-GcRJI,I played chess with WOMEN,UCrPseYLGpNygVi34QpGNqpA,Ludwig,2020-07-07T08:02:58Z
Ub7junzDmo0,Ludwig reacts to unusual memes that are FUNNY and IRONIC,UCrPseYLGpNygVi34QpGNqpA,Ludwig,2020-07-07T04:06:23Z
nqzVGuV1hM8,Do I make TOO much money?,UCrPseYLGpNygVi34QpGNqpA,Ludwig,2020-07-05T19:49:42Z
dz-3plw5dbU,DO YOU KNOW THIS EMOTE?,UCrPseYLGpNygVi34QpGNqpA,Ludwig,2020-07-05T00:15:26Z
s0Cuj9QVReo,How I accidentally became the best poker player on twitch,UCrPseYLGpNygVi34QpGNqpA,Ludwig,2020-07-04T00:03:56Z
kHQR4I-kA6Q,So I was forced to get a neck tattoo...,UCrPseYLGpNygVi34QpGNqpA,Ludwig,2020-07-01T13:04:39Z
6vlYFL0S3Tk,Can Twitch Chat reach the flag?,UCrPseYLGpNygVi34QpGNqpA,Ludwig,2020-07-02T00:04:06Z
4pxCuHX4QzU,She didn't think this was funny...,UCrPseYLGpNygVi34QpGNqpA,Ludwig,2020-06-28T22:54:40Z
hZl_nwucr-4,The world's hardest game you've never heard of,UCrPseYLGpNygVi34QpGNqpA,Ludwig,2020-06-29T19:54:22Z
PNbxDc6-shY,Only 8 people have ever beat this game...,UCrPseYLGpNygVi34QpGNqpA,Ludwig,2020-06-28T23:45:20Z
xIyt6smw1vE,TRYING EVERY POPTART WITH QTCINDERELLA,UCrPseYLGpNygVi34QpGNqpA,Ludwig,2020-06-27T11:21:07Z
G5BI6YKyF1s,How I accidentally became the biggest chess streamer of all time,UCrPseYLGpNygVi34QpGNqpA,Ludwig,2020-06-26T04:17:09Z
L59prGa-ogM,Ludwig Reacts to Unusual Memes that make you belly laugh,UCrPseYLGpNygVi34QpGNqpA,Ludwig,2020-06-24T23:20:50Z
rnSoRZG01iI,Clint Stevens thoughts on Ludwig,UCrPseYLGpNygVi34QpGNqpA,Ludwig,2020-06-24T05:49:52Z
RO43QxvFjLQ,Pokemon but every battle is a different generation,UCrPseYLGpNygVi34QpGNqpA,Ludwig,2020-06-24T01:47:06Z
qucFm9yUHyk,Chess Grandmaster ROASTS me,UCrPseYLGpNygVi34QpGNqpA,Ludwig,2020-06-22T11:37:22Z
zrIXuAfiBkk,WHICH ONE IS BETTER?,UCrPseYLGpNygVi34QpGNqpA,Ludwig,2020-06-21T10:19:41Z
MNcL9Ay44V4,1V1ING MY SUBSCRIBERS FOR CASH,UCrPseYLGpNygVi34QpGNqpA,Ludwig,2020-06-19T13:54:13Z
Kogb4ZwYdVg,CONFIRMED?,UCrPseYLGpNygVi34QpGNqpA,Ludwig,2020-06-19T20:05:34Z
sv1-6MNZJyY,WHAT COULD GO WRONG?,UCrPseYLGpNygVi34QpGNqpA,Ludwig,2020-06-16T00:49:08Z
6hEixgnrIdo,I am BETTER blindfolded,UCrPseYLGpNygVi34QpGNqpA,Ludwig,2020-06-17T21:05:25Z
9hdm2Mx-aIc,So this Wikipedia Speedrun got kinda crazy...,UCrPseYLGpNygVi34QpGNqpA,Ludwig,2020-06-14T13:38:38Z
JuN1rdYxtZs,So I lost a bet...,UCrPseYLGpNygVi34QpGNqpA,Ludwig,2020-06-13T22:34:32Z
UYbyDMIzcdQ,Ludwig reacts to Unusual Memes that are basically vines,UCrPseYLGpNygVi34QpGNqpA,Ludwig,2020-06-14T18:54:36Z
E0Npv79n0YE,I am a dwarf.,UCrPseYLGpNygVi34QpGNqpA,Ludwig,2020-06-13T22:42:13Z
jsTYzyrqBgc,How I Became Top 3 in the World,UCrPseYLGpNygVi34QpGNqpA,Ludwig,2020-06-11T11:56:02Z
-UaO3vE-BJg,"I can't believe this happened in front of 60,000 people...",UCrPseYLGpNygVi34QpGNqpA,Ludwig,2020-06-11T01:31:05Z
MjeBImAApGs,My First Love,UCrPseYLGpNygVi34QpGNqpA,Ludwig,2020-06-10T20:08:41Z
e5v-Dsfxk3E,My talent show went horribly wrong...,UCrPseYLGpNygVi34QpGNqpA,Ludwig,2020-06-10T00:53:04Z
Uboh2Dh90nY,So this is why I have a mustache...,UCrPseYLGpNygVi34QpGNqpA,Ludwig,2020-06-08T22:55:37Z
SfQCLvOAnXs,USING ALL 5G OF MY BRAIN,UCrPseYLGpNygVi34QpGNqpA,Ludwig,2020-06-07T06:57:05Z
ZVC8EQVfNNU,This Pokémon contest was a terrible mistake...,UCrPseYLGpNygVi34QpGNqpA,Ludwig,2020-06-06T14:06:41Z
nbos_NsTp4A,My life without YouTube...,UCrPseYLGpNygVi34QpGNqpA,Ludwig,2020-06-06T01:01:43Z
dTg-oz9JBZw,Loser gets a face tattoo...,UCrPseYLGpNygVi34QpGNqpA,Ludwig,2020-06-04T22:50:46Z
HtWUCFVpbO8,So this happened...,UCrPseYLGpNygVi34QpGNqpA,Ludwig,2020-06-03T21:27:04Z
y5m7pMSRiN0,This is why I CANNOT stream with her...,UCrPseYLGpNygVi34QpGNqpA,Ludwig,2020-06-02T06:25:02Z
p_B5-Ttf9kU,Shoot higher.,UCrPseYLGpNygVi34QpGNqpA,Ludwig,2020-06-01T23:39:47Z
mpt7Gk9zEv8,Chess Grandmaster SHOCKED at my skill,UCrPseYLGpNygVi34QpGNqpA,Ludwig,2020-05-31T08:51:06Z
VgnK_WmeKK0,UNBOXING $2500 WORTH OF STUFF STREAM BOUGHT ME,UCrPseYLGpNygVi34QpGNqpA,Ludwig,2020-05-30T22:01:53Z
n7A9QMY198w,Streaming with QTCinderella was a terrible mistake...,UCrPseYLGpNygVi34QpGNqpA,Ludwig,2020-05-27T21:12:58Z
6plK3WwZguE,So this was my hobby before YouTube...,UCrPseYLGpNygVi34QpGNqpA,Ludwig,2020-05-28T01:03:10Z
1iSLBPcFD6E,LUDWIG REACTS TO DAILY DOSE OF INTERNET,UCrPseYLGpNygVi34QpGNqpA,Ludwig,2020-05-26T18:24:35Z
I0EfaNsmtZQ,HOW I BECAME A WORLD RECORD HOLDER,UCrPseYLGpNygVi34QpGNqpA,Ludwig,2020-05-26T23:57:29Z
408pgWoNWrI,PB OR LOSE $1000,UCrPseYLGpNygVi34QpGNqpA,Ludwig,2020-05-25T22:07:07Z
U7QE2QzFNyE,STREAM GOES SHOPPING FOR $5000,UCrPseYLGpNygVi34QpGNqpA,Ludwig,2020-05-24T01:03:40Z
mfxa-nedSLM,Should I ban him?,UCrPseYLGpNygVi34QpGNqpA,Ludwig,2020-05-19T19:33:33Z
VNyB5r5Gz4A,Ludwig Reacts to Unusual Memes that make quarantine better,UCrPseYLGpNygVi34QpGNqpA,Ludwig,2020-05-22T02:22:10Z
00PT-eVT8Cc,GETTING CLAPPED BY MY VIEWERS IN 1v1s,UCrPseYLGpNygVi34QpGNqpA,Ludwig,2020-05-21T01:13:03Z
a9ribF8zpqw,this stream was a mistake...,UCrPseYLGpNygVi34QpGNqpA,Ludwig,2020-05-19T22:29:55Z
lNnhGoQihqU,Ludwig Reacts to Best of Ludwig,UCrPseYLGpNygVi34QpGNqpA,Ludwig,2020-05-20T02:01:42Z
8WIZKWG6bkw,this stream got a little crazy...,UCrPseYLGpNygVi34QpGNqpA,Ludwig,2020-05-18T23:24:41Z
0i0ZmA2fcP0,Thank you.,UCrPseYLGpNygVi34QpGNqpA,Ludwig,2020-05-17T13:49:12Z
-Apbjfmah3c,"Heads I ban you, tails...",UCrPseYLGpNygVi34QpGNqpA,Ludwig,2020-05-15T12:01:09Z
K0XEMCc0SNk,HOW I MADE $3500 SLEEPING ON STREAM,UCrPseYLGpNygVi34QpGNqpA,Ludwig,2020-05-15T23:19:04Z
wYpGer_TAsk,Why I lost my Twitter account...,UCrPseYLGpNygVi34QpGNqpA,Ludwig,2020-05-13T23:24:42Z
LEWwivfkgAI,Read the room.,UCrPseYLGpNygVi34QpGNqpA,Ludwig,2020-05-13T23:24:45Z
MKTNyc63a0Q,chat asks me anything but I HAVE to answer honestly,UCrPseYLGpNygVi34QpGNqpA,Ludwig,2020-05-13T00:26:11Z
YQ2RoE2PovM,Ludwig Tries Not to Laugh at Unusual Memes,UCrPseYLGpNygVi34QpGNqpA,Ludwig,2020-05-11T22:15:47Z
VLz-n9U2V3s,doing EVERYTHING chat asks me to do,UCrPseYLGpNygVi34QpGNqpA,Ludwig,2020-05-11T00:41:53Z
_QVOa61K0Oc,This isn't funny anymore.,UCrPseYLGpNygVi34QpGNqpA,Ludwig,2020-05-10T03:38:17Z
jEd-SFTuilU,I AM IN HIDING,UCrPseYLGpNygVi34QpGNqpA,Ludwig,2020-05-09T02:16:03Z
E6IcCQhj1LQ,Ludwig Reacts to Tik Toks that make you laugh uncomfortably,UCrPseYLGpNygVi34QpGNqpA,Ludwig,2020-05-02T22:01:31Z
DZfi2MNjb7Q,Reacting to my college videos,UCrPseYLGpNygVi34QpGNqpA,Ludwig,2020-05-06T03:13:46Z
npLEN8OpJE4,So my search history got leaked...,UCrPseYLGpNygVi34QpGNqpA,Ludwig,2020-05-05T22:30:49Z
rKQnaEBI82w,If you walk through the door you lose,UCrPseYLGpNygVi34QpGNqpA,Ludwig,2020-04-27T08:11:34Z
9ru9z5cmaqk,So I let my stream decide what to do...,UCrPseYLGpNygVi34QpGNqpA,Ludwig,2020-05-01T15:28:57Z
hfy_HWrwQFY,USING 100 PERCENT OF MY BRAIN,UCrPseYLGpNygVi34QpGNqpA,Ludwig,2020-05-01T15:07:00Z
J91joJtz-Eo,THE BIGGEST SCAM IN AMERICA,UCrPseYLGpNygVi34QpGNqpA,Ludwig,2020-05-02T03:23:59Z
qy6bHvHooQc,THIS WILL GET YOU BANNED,UCrPseYLGpNygVi34QpGNqpA,Ludwig,2020-04-28T09:36:11Z
SNamMHn6TUY,I AM IN TROUBLE,UCrPseYLGpNygVi34QpGNqpA,Ludwig,2020-04-24T20:18:08Z
YvqETsS7Q50,Ludwig Reacts to Unusual Memes that are GUARANTEED to make you laugh,UCrPseYLGpNygVi34QpGNqpA,Ludwig,2020-04-28T14:51:58Z
oG2MIqhYYHg,So this emote contest ended up being a terrible mistake...,UCrPseYLGpNygVi34QpGNqpA,Ludwig,2020-04-25T01:55:41Z
CvHVHUoUCVM,So I rigged a game show...,UCrPseYLGpNygVi34QpGNqpA,Ludwig,2020-04-25T11:32:30Z
qMdSAKyL7Hs,Why I'm not celebrating my birthday this year...,UCrPseYLGpNygVi34QpGNqpA,Ludwig,2020-04-22T20:45:09Z
dPIvQ0hIHck,How I beat the hardest GameCube game ever made,UCrPseYLGpNygVi34QpGNqpA,Ludwig,2020-04-21T11:44:13Z
O7o_h9LADDA,"So I challenged 1,200 people to photoshop this image...",UCrPseYLGpNygVi34QpGNqpA,Ludwig,2020-04-20T08:35:58Z
S1zw9nquG60,How I accidentally became Tik Tok famous,UCrPseYLGpNygVi34QpGNqpA,Ludwig,2020-04-22T19:59:40Z
Fu5AzV0PPgc,How I lost my eyebrow...,UCrPseYLGpNygVi34QpGNqpA,Ludwig,2020-04-21T17:08:30Z
FMXUnKtrKXU,Why I had to ban her...,UCrPseYLGpNygVi34QpGNqpA,Ludwig,2020-04-20T04:13:57Z
3GYsP7lUnVM,When you see it...,UCrPseYLGpNygVi34QpGNqpA,Ludwig,2020-04-16T22:21:12Z
bTFW4nW178g,Ludwig and Slime talk about fat pups for 15 minutes,UCrPseYLGpNygVi34QpGNqpA,Ludwig,2020-04-16T20:11:21Z
801OAzJfHwg,IF I LAUGH I SHAVE MY HEAD,UCrPseYLGpNygVi34QpGNqpA,Ludwig,2020-04-18T01:01:30Z
d4zOWetJNx8,So this speedrun ended up being a terrible mistake...,UCrPseYLGpNygVi34QpGNqpA,Ludwig,2020-04-13T09:59:35Z
ajQRJ555tnk,So VRChat ended up being a terrible mistake...,UCrPseYLGpNygVi34QpGNqpA,Ludwig,2020-04-07T23:57:55Z
HP-e-rzeXrQ,I MADE CREPES,UCrPseYLGpNygVi34QpGNqpA,Ludwig,2020-04-15T00:00:02Z
JageAuwV7Ug,this message ACTUALLY bothers me...,UCrPseYLGpNygVi34QpGNqpA,Ludwig,2020-04-08T21:42:54Z
64kbUjog5cM,Ludwig Reacts to Unusual Memes that you CANNOT laugh at,UCrPseYLGpNygVi34QpGNqpA,Ludwig,2020-04-12T12:22:43Z
lWp52kZPP3c,Ludwig Stream Setup Tour,UCrPseYLGpNygVi34QpGNqpA,Ludwig,2020-04-11T21:54:52Z
OvMLuRWnOWw,"So I Hired Fiverr Artists to make me a ""song""...",UCrPseYLGpNygVi34QpGNqpA,Ludwig,2020-04-10T21:22:39Z
pQJLTzIp9DY,I am the most famous Ludwig alive,UCrPseYLGpNygVi34QpGNqpA,Ludwig,2020-04-09T09:09:29Z
8MPKjk8J2NU,SHE SCAMMED ME,UCrPseYLGpNygVi34QpGNqpA,Ludwig,2020-04-08T01:38:30Z
EDDmZkUzy78,Ludwig BEFORE YouTube,UCrPseYLGpNygVi34QpGNqpA,Ludwig,2020-04-06T19:19:33Z
7KveCB9QSR0,This is what almost got me banned...,UCrPseYLGpNygVi34QpGNqpA,Ludwig,2020-04-06T21:24:21Z
Q9RX6dOhSGA,HOW MANY WOULD YOU DO (1 SQUAT = $1),UCrPseYLGpNygVi34QpGNqpA,Ludwig,2020-04-05T19:55:49Z
9rbI7jaqBsk,YOU HAVE TO STOP (insane),UCrPseYLGpNygVi34QpGNqpA,Ludwig,2020-04-04T22:39:45Z
f5fo8f1soNM,The Truth about my first time...,UCrPseYLGpNygVi34QpGNqpA,Ludwig,2020-04-03T09:08:20Z
w5cK67DplFk,So I tried speedrunning the hardest GameCube game...,UCrPseYLGpNygVi34QpGNqpA,Ludwig,2020-03-30T04:36:14Z
ItmV7sSbpnQ,So I got called out by a famous Tik Tok star...,UCrPseYLGpNygVi34QpGNqpA,Ludwig,2020-04-02T02:12:41Z
UOg18EVbX9E,Getting banned just got a lot worse...,UCrPseYLGpNygVi34QpGNqpA,Ludwig,2020-03-30T04:36:40Z
o0idks7c9yo,My first time...,UCrPseYLGpNygVi34QpGNqpA,Ludwig,2020-03-30T19:03:54Z
M9A7QyC7yoQ,please stop finding embarrassing photos of me...,UCrPseYLGpNygVi34QpGNqpA,Ludwig,2020-03-27T22:09:02Z
1tLMdIuf0Hc,Ludwig Reacts to Unusual Memes that will make you LOL and LMAO,UCrPseYLGpNygVi34QpGNqpA,Ludwig,2020-03-27T08:12:17Z
-BGyYr1c0WM,this stream got a little weird...,UCrPseYLGpNygVi34QpGNqpA,Ludwig,2020-03-26T23:09:25Z
NlW0A5LjY74,This Photoshop contest was a mistake...,UCrPseYLGpNygVi34QpGNqpA,Ludwig,2020-03-26T23:09:53Z
cP2u2kVf5sY,This has gone too far...,UCrPseYLGpNygVi34QpGNqpA,Ludwig,2020-03-24T21:56:53Z
fIs-Bz2DCNQ,So I made stream draw me and it got weird...,UCrPseYLGpNygVi34QpGNqpA,Ludwig,2020-03-23T21:05:32Z
KslLApcy_Io,If I say THIS word the video ends,UCrPseYLGpNygVi34QpGNqpA,Ludwig,2020-03-23T22:54:27Z
E9nN2iDlN9k,THIS IS A SCAM,UCrPseYLGpNygVi34QpGNqpA,Ludwig,2020-03-19T22:53:37Z
65Dj7rIgldQ,STREAM TAKES OVER MY MUSIC PLAYLIST,UCrPseYLGpNygVi34QpGNqpA,Ludwig,2020-03-21T23:46:08Z
BPZ4f-dKm_s,How Timmy ACCIDENTALLY destroyed my town,UCrPseYLGpNygVi34QpGNqpA,Ludwig,2020-03-20T22:56:29Z
r5zlfD3zX5o,I beat Pokimane,UCrPseYLGpNygVi34QpGNqpA,Ludwig,2020-03-19T22:54:20Z
kPpGvIj1PR8,My luck ran out...,UCrPseYLGpNygVi34QpGNqpA,Ludwig,2020-03-17T21:44:50Z
Rr0_oR0QC88,OPENING $1500 WORTH OF STUFF CHAT BOUGHT ME,UCrPseYLGpNygVi34QpGNqpA,Ludwig,2020-03-16T19:19:50Z
EKC5-9MkM5E,Ludwig Reacts to Unusual Memes that will make you laugh,UCrPseYLGpNygVi34QpGNqpA,Ludwig,2020-03-16T19:19:30Z
PCvgYpSx25o,Learn the Alphabet with Ludwig,UCrPseYLGpNygVi34QpGNqpA,Ludwig,2020-03-14T09:28:41Z
Rdn_Q42hNwE,IT IS IMPOSSIBLE NOT TO LAUGH,UCrPseYLGpNygVi34QpGNqpA,Ludwig,2020-03-14T15:31:16Z
N1xIJoxqJTs,We had THIRTY minutes to catch Pokemon... then we battle,UCrPseYLGpNygVi34QpGNqpA,Ludwig,2020-03-13T23:23:39Z
EKlYOKQLwGw,I did some spring cleaning...,UCrPseYLGpNygVi34QpGNqpA,Ludwig,2020-03-13T23:23:17Z
DqxQ-w9j0pM,Stop finding my old posts.,UCrPseYLGpNygVi34QpGNqpA,Ludwig,2020-03-12T23:49:27Z
Y2E9fwLAfzQ,How I accidentally became the next bob ross,UCrPseYLGpNygVi34QpGNqpA,Ludwig,2020-03-11T20:59:12Z
rQBIg3mwhlI,BIGGEST FAILS ON TWITCH,UCrPseYLGpNygVi34QpGNqpA,Ludwig,2020-03-10T19:27:14Z
crDcp0NWJ9Q,THE NEW GETTING OVER IT (Boxman's Struggle),UCrPseYLGpNygVi34QpGNqpA,Ludwig,2020-03-09T22:52:51Z
gvhkjN1G4xM,Who is Ludwig?,UCrPseYLGpNygVi34QpGNqpA,Ludwig,2020-03-09T03:06:04Z
RsfIkpLeti0,So I Let Twitch Chat Decide the Music...,UCrPseYLGpNygVi34QpGNqpA,Ludwig,2020-03-06T23:27:27Z
XDTXW96Z_xs,TRYING EVERY KIT KAT,UCrPseYLGpNygVi34QpGNqpA,Ludwig,2020-03-06T23:39:22Z
11Y7aHLMeEE,I had to delete my subreddit...,UCrPseYLGpNygVi34QpGNqpA,Ludwig,2020-03-05T22:40:22Z
dEzVGyoPohI,I Gave my Stream my Amazon Account,UCrPseYLGpNygVi34QpGNqpA,Ludwig,2020-03-04T20:59:22Z
ITR6SFSGlp0,So I found a Pokemon pack from 1999...,UCrPseYLGpNygVi34QpGNqpA,Ludwig,2020-03-02T02:06:46Z
Pto3bRimv5c,How I became the greatest poker player on twitch,UCrPseYLGpNygVi34QpGNqpA,Ludwig,2020-03-01T20:08:23Z
OLK4xM0q8M4,I finally admit it...,UCrPseYLGpNygVi34QpGNqpA,Ludwig,2020-02-29T00:20:56Z
88gIehXla6s,HE GOT CAUGHT CHEATING,UCrPseYLGpNygVi34QpGNqpA,Ludwig,2020-02-28T06:37:27Z
MbQgQJFGvzo,Ludwig Reacts to Tik Toks that are actually unusual memes,UCrPseYLGpNygVi34QpGNqpA,Ludwig,2020-02-23T18:53:59Z
a_ooz3CeC-0,So I did a photoshop speedrun...,UCrPseYLGpNygVi34QpGNqpA,Ludwig,2020-02-25T19:11:08Z
vw1O0GrHpXM,Ranking EVERYTHING at McDonalds,UCrPseYLGpNygVi34QpGNqpA,Ludwig,2020-02-23T18:55:44Z
8CAazuf17zE,PROVING HOW TALL I AM WITH MATH,UCrPseYLGpNygVi34QpGNqpA,Ludwig,2020-02-24T19:03:10Z
5-na3nrVOQg,How I Became Top 15 in the World,UCrPseYLGpNygVi34QpGNqpA,Ludwig,2020-02-23T18:55:24Z
dwQ3Osp-AdQ,How I accidentally broke my silver play button,UCrPseYLGpNygVi34QpGNqpA,Ludwig,2020-02-22T07:39:29Z
fAqAmDcLjb0,So I let my viewers make my merch...,UCrPseYLGpNygVi34QpGNqpA,Ludwig,2020-02-19T20:33:07Z
0iMsxXOWyXQ,HOW SMART AM I??,UCrPseYLGpNygVi34QpGNqpA,Ludwig,2020-02-19T20:30:14Z
O9i1kiFYhb8,FRIEND DOES MY MAKEUP,UCrPseYLGpNygVi34QpGNqpA,Ludwig,2020-02-19T20:27:18Z
vClKwuRrkrM,TRYING JAPANESE CANDY TOGETHER,UCrPseYLGpNygVi34QpGNqpA,Ludwig,2020-02-18T22:43:11Z
2y4Zzdlgt3g,So I tried speedrunning...,UCrPseYLGpNygVi34QpGNqpA,Ludwig,2020-02-15T20:43:21Z
xPnQ1culfEo,I rated my viewers dogs and gave the best one $1000,UCrPseYLGpNygVi34QpGNqpA,Ludwig,2020-02-13T23:27:42Z
NJevpXNlTu8,Ludwig Reacts to Tik Toks that aren't actually tik toks,UCrPseYLGpNygVi34QpGNqpA,Ludwig,2020-02-13T22:27:31Z
N3LR5EjDN8Y,Only smart people can see this thumbnail,UCrPseYLGpNygVi34QpGNqpA,Ludwig,2020-02-13T22:29:22Z
5rG_qUF3H0I,How I Got Top 10 in the World,UCrPseYLGpNygVi34QpGNqpA,Ludwig,2020-02-13T22:49:35Z
lYon4DgHYDQ,Ludwig Takes a Lie Detector Test,UCrPseYLGpNygVi34QpGNqpA,Ludwig,2020-02-12T00:23:54Z
bg1t3Hawf8I,Idiots in Cars Getting Coffee,UCrPseYLGpNygVi34QpGNqpA,Ludwig,2020-02-08T22:32:48Z
azQvB7kI5fs,How streaming ruined my life,UCrPseYLGpNygVi34QpGNqpA,Ludwig,2020-02-10T08:21:09Z
3qY5t81VhpQ,If you want to make it big DON'T DO THIS,UCrPseYLGpNygVi34QpGNqpA,Ludwig,2020-02-09T04:38:55Z
YuaazmfiOoI,somebody hacked my stream...,UCrPseYLGpNygVi34QpGNqpA,Ludwig,2020-02-09T07:18:39Z
Ql9Kn9eY0mo,this is why we don't talk anymore.,UCrPseYLGpNygVi34QpGNqpA,Ludwig,2020-02-06T22:10:39Z
UAq05sN91Y4,"I challenged 1,000 people to photoshop this image",UCrPseYLGpNygVi34QpGNqpA,Ludwig,2020-02-07T01:18:32Z
ys_EBIDzRfE,WHICH ONE IS MORE EXPENSIVE,UCrPseYLGpNygVi34QpGNqpA,Ludwig,2020-02-05T00:28:36Z
6NrE4IjppTs,don't make fun of me for this.,UCrPseYLGpNygVi34QpGNqpA,Ludwig,2020-02-03T20:23:36Z
sFHMA2FeOKs,Ludwig Reacts to Tik Toks that are FUNNY and IRONIC,UCrPseYLGpNygVi34QpGNqpA,Ludwig,2020-01-29T10:04:27Z
uj12iQfyi6k,Someone stream sniped my Wikipedia speedrun...,UCrPseYLGpNygVi34QpGNqpA,Ludwig,2020-02-02T18:51:29Z
wHglBM8qPd0,"I asked 6,000 people the HARDEST Would You Rather questions",UCrPseYLGpNygVi34QpGNqpA,Ludwig,2020-02-01T23:43:24Z
CfVYyEpzRB8,Are old YouTube videos still funny...?,UCrPseYLGpNygVi34QpGNqpA,Ludwig,2020-01-30T06:55:52Z
BDFakbE1Nvw,How I accidentally sponsored the best smash player in the world,UCrPseYLGpNygVi34QpGNqpA,Ludwig,2020-01-31T01:22:49Z
EpP2c47ahDQ,this question has finally been answered.,UCrPseYLGpNygVi34QpGNqpA,Ludwig,2020-01-28T00:26:04Z
2rRxaYhV9mE,saying YES to everything chat asks me to do,UCrPseYLGpNygVi34QpGNqpA,Ludwig,2020-01-29T01:14:55Z
Gq8K-a3oyAY,Betting BIG on Blackjack,UCrPseYLGpNygVi34QpGNqpA,Ludwig,2020-01-28T00:22:38Z
EEje1UsVYw4,How I accidentally won a poker tournament,UCrPseYLGpNygVi34QpGNqpA,Ludwig,2020-01-26T19:11:36Z
7QT8qHNgJEw,I did not expect my viewers to look like this...,UCrPseYLGpNygVi34QpGNqpA,Ludwig,2020-01-23T02:37:47Z
U1GR1qc3_SI,Ludwig Ranks Every Item at Taco Bell,UCrPseYLGpNygVi34QpGNqpA,Ludwig,2020-01-23T01:12:08Z
D6fMyyFIKd4,Giving $2000 to a random streamer if they can answer THIS question,UCrPseYLGpNygVi34QpGNqpA,Ludwig,2020-01-21T23:28:33Z
wlMJy9bPDgE,This is getting too easy...,UCrPseYLGpNygVi34QpGNqpA,Ludwig,2020-01-23T07:17:00Z
ryXK5UFz70o,WHY DO I SHOW UP WHEN YOU GOOGLE THIS,UCrPseYLGpNygVi34QpGNqpA,Ludwig,2020-01-16T23:18:48Z
pRHk7rv8IIY,How I Became Top 25 in the World,UCrPseYLGpNygVi34QpGNqpA,Ludwig,2020-01-21T02:27:49Z
Qk1u0fwhZ3g,The most EXPENSIVE mistake I've ever made,UCrPseYLGpNygVi34QpGNqpA,Ludwig,2020-01-19T23:37:47Z
gkGXAu3KOBs,How I accidentally won a pokemon tournament,UCrPseYLGpNygVi34QpGNqpA,Ludwig,2020-01-19T02:31:46Z
0PqLeG7sfSs,Ludwig Reacts to Tik Toks that made me fall out of my chair,UCrPseYLGpNygVi34QpGNqpA,Ludwig,2020-01-13T22:07:30Z
iLnhwLd6ghs,WHO IS MORE FAMOUS,UCrPseYLGpNygVi34QpGNqpA,Ludwig,2020-01-15T21:48:36Z
RJ1orhTvBTM,watch people ███ inside,UCrPseYLGpNygVi34QpGNqpA,Ludwig,2020-01-13T21:42:03Z
spQT8AHexWw,I challenged 600 people to photoshop this image,UCrPseYLGpNygVi34QpGNqpA,Ludwig,2020-01-13T22:09:11Z
oxY0YmWy6n8,press 1 if this is a dumb plan,UCrPseYLGpNygVi34QpGNqpA,Ludwig,2020-01-13T22:18:57Z
tw5RGXGkMfU,"I asked 6,000 people the internets HARDEST questions",UCrPseYLGpNygVi34QpGNqpA,Ludwig,2020-01-12T19:25:54Z
bjG9-We9GJk,So my family found my youtube channel...,UCrPseYLGpNygVi34QpGNqpA,Ludwig,2020-01-09T22:15:40Z
D9-HNT-CkZk,The Scam is Simple,UCrPseYLGpNygVi34QpGNqpA,Ludwig,2020-01-09T21:43:38Z
LC1GD2OYx-c,THE ULTIMATE TEST OF BRAINS,UCrPseYLGpNygVi34QpGNqpA,Ludwig,2020-01-09T22:40:50Z
cL6yZKhBUMI,If I lose this battle I permanently ban 100 people...,UCrPseYLGpNygVi34QpGNqpA,Ludwig,2020-01-06T23:06:31Z
eRcKejT-FZE,YOU LAUGH YOU LOSE,UCrPseYLGpNygVi34QpGNqpA,Ludwig,2020-01-08T00:11:30Z
RYjGHIM3LiI,I will do anything to avoid hydraulics.,UCrPseYLGpNygVi34QpGNqpA,Ludwig,2020-01-06T23:27:19Z
hObxE4nVtlU,So I let stream make my emotes...,UCrPseYLGpNygVi34QpGNqpA,Ludwig,2020-01-06T00:25:11Z
DwBzSy0RhEE,So I let chat take control of the stream...,UCrPseYLGpNygVi34QpGNqpA,Ludwig,2020-01-04T19:27:44Z
YKBqsirCTEA,"Ludwig Reacts to Tik Toks that make you haha, LOL, and even lmao",UCrPseYLGpNygVi34QpGNqpA,Ludwig,2020-01-02T22:07:29Z
GXNLOqj5YSE,I cannot believe that worked...,UCrPseYLGpNygVi34QpGNqpA,Ludwig,2020-01-02T21:55:55Z
YPJzjG-EjuE,this is why I was on the news...,UCrPseYLGpNygVi34QpGNqpA,Ludwig,2019-12-31T20:59:11Z
dR36HyqEnS8,Best of Ludwig 2019,UCrPseYLGpNygVi34QpGNqpA,Ludwig,2019-12-31T20:37:01Z
pj-WBziBrr0,How I finally beat the hardest mario game,UCrPseYLGpNygVi34QpGNqpA,Ludwig,2019-12-30T21:37:50Z
rk5HqxLlWOw,Chat asks me anything but I actually tell the truth,UCrPseYLGpNygVi34QpGNqpA,Ludwig,2019-12-29T22:24:33Z
MAqYLu3PG8o,my sister streams for the first time,UCrPseYLGpNygVi34QpGNqpA,Ludwig,2019-12-28T20:02:31Z
cDIQhJH2ahY,How I became the world's best wikipedia speedrunner,UCrPseYLGpNygVi34QpGNqpA,Ludwig,2019-12-27T18:54:50Z
SmJcaLTWjK4,ULTIMATE TRY NOT TO LAUGH CHALLENGE,UCrPseYLGpNygVi34QpGNqpA,Ludwig,2019-12-26T20:21:16Z
HgQvYorTnQg,How I beat the hardest DLC ever made (Jump King),UCrPseYLGpNygVi34QpGNqpA,Ludwig,2019-12-25T12:15:13Z
18HV8yoTMNQ,so my viewers sent me some christmas gifts...,UCrPseYLGpNygVi34QpGNqpA,Ludwig,2019-12-24T09:18:14Z
DrxWP0mFHpc,"“I’m playing this game until I get gold.""",UCrPseYLGpNygVi34QpGNqpA,Ludwig,2019-12-20T10:33:30Z
_Vud7qf0n3I,giving my friends tax advice.,UCrPseYLGpNygVi34QpGNqpA,Ludwig,2019-12-21T09:15:02Z
YXe9jiBJVZo,Ludwig Reacts to Tik Toks that actually make you laugh,UCrPseYLGpNygVi34QpGNqpA,Ludwig,2019-12-21T20:37:55Z
6KiRvecMpJw,STREAM GOES SHOPPING FOR $2300,UCrPseYLGpNygVi34QpGNqpA,Ludwig,2019-12-20T10:31:17Z
6ZbUb-u7MmE,So I made my friends play a rigged game show...,UCrPseYLGpNygVi34QpGNqpA,Ludwig,2019-12-20T01:47:43Z
-Y38d-jjZ4A,stop doing this.,UCrPseYLGpNygVi34QpGNqpA,Ludwig,2019-12-19T02:43:09Z
DdQWBDFDiMU,I paid my roommate to talk instead of me for an entire stream.,UCrPseYLGpNygVi34QpGNqpA,Ludwig,2019-12-17T22:57:09Z
OK7VlqIYDxw,If I talk the video ends.,UCrPseYLGpNygVi34QpGNqpA,Ludwig,2019-12-16T22:39:02Z
hATRE5WhWRw,IF I LAUGH THE VIDEO ENDS (MEDIASHARE EDITION),UCrPseYLGpNygVi34QpGNqpA,Ludwig,2019-12-15T22:57:55Z
CfhKMNpGdiQ,I think I have a problem...,UCrPseYLGpNygVi34QpGNqpA,Ludwig,2019-12-14T22:52:15Z
ZzHAGD2raio,someone stop this man.,UCrPseYLGpNygVi34QpGNqpA,Ludwig,2019-12-14T01:19:44Z
IEc5tp_O4bo,YOU ARE NOT ALLOWED TO LAUGH,UCrPseYLGpNygVi34QpGNqpA,Ludwig,2019-12-12T01:04:17Z
BuzqWpeOXgQ,Ludwig Reacts to Tik Toks that make you belly laugh,UCrPseYLGpNygVi34QpGNqpA,Ludwig,2019-12-08T09:54:12Z
3GeLkMbLVXU,If you play pokemon don't do this.,UCrPseYLGpNygVi34QpGNqpA,Ludwig,2019-12-10T23:12:59Z
IhqqqP60zCg,OPENING WHAT STREAM BOUGHT FOR CHRISTMAS,UCrPseYLGpNygVi34QpGNqpA,Ludwig,2019-12-10T00:02:22Z
oFnC6DMqmkc,TWITCH CHAT PICKS THE MUSIC,UCrPseYLGpNygVi34QpGNqpA,Ludwig,2019-12-08T09:09:48Z
ExKS9IGzOrw,Wait. That's illegal.,UCrPseYLGpNygVi34QpGNqpA,Ludwig,2019-12-07T23:09:52Z
P7v6r6hpDvY,If you say this word the video ends,UCrPseYLGpNygVi34QpGNqpA,Ludwig,2019-12-07T00:10:53Z
DEcg7MKnuuo,So I hosted my own Jeopardy show...,UCrPseYLGpNygVi34QpGNqpA,Ludwig,2019-12-05T23:11:45Z
l7FDGe1ITM8,So I made my own talent show...,UCrPseYLGpNygVi34QpGNqpA,Ludwig,2019-12-05T02:54:25Z
qhPdvVafA80,My secret to catching Pokémon,UCrPseYLGpNygVi34QpGNqpA,Ludwig,2019-12-03T23:34:58Z
H6p9lISE-Wc,STREAM DOES MY CHRISTMAS SHOPPING ($1500),UCrPseYLGpNygVi34QpGNqpA,Ludwig,2019-12-03T11:35:03Z
c1_VnulbMhc,So I had to ban a few people...,UCrPseYLGpNygVi34QpGNqpA,Ludwig,2019-11-30T18:44:41Z
uKkwxZm9ALM,"$1000 PVP, but we only have 90 minutes to level up",UCrPseYLGpNygVi34QpGNqpA,Ludwig,2019-12-01T00:58:28Z
al3RFF0A1hw,"""this game is too easy""",UCrPseYLGpNygVi34QpGNqpA,Ludwig,2019-11-29T22:41:56Z
mJpNsecITrY,Ludwig Reacts to Tik Toks that make you chortle,UCrPseYLGpNygVi34QpGNqpA,Ludwig,2019-11-23T01:44:55Z
_vh7PvzG2fE,Ludwig Reacts to old ludwig videos,UCrPseYLGpNygVi34QpGNqpA,Ludwig,2019-11-26T22:40:19Z
3tfm07wxwb4,I discovered the opposite of dynamaxing,UCrPseYLGpNygVi34QpGNqpA,Ludwig,2019-11-26T22:56:06Z
6Elgcv1rX_s,i sent you my video please click.,UCrPseYLGpNygVi34QpGNqpA,Ludwig,2019-11-25T23:46:03Z
nG7-evp4s6Q,Ludwig Reacts to his biggest blackjack win ever,UCrPseYLGpNygVi34QpGNqpA,Ludwig,2019-11-23T21:38:18Z
lm4RBi2E7Jc,How I became the best poker player on twitch,UCrPseYLGpNygVi34QpGNqpA,Ludwig,2019-11-23T21:30:02Z
Jrx9FnNCyIY,Ludwig Reacts to Tik Toks funnier than vines,UCrPseYLGpNygVi34QpGNqpA,Ludwig,2019-11-22T22:48:12Z
kz6SOZEB-UA,"THIS HAS NEVER BEEN DONE BEFORE (Getting Over It, Pogostuck, Jump King)",UCrPseYLGpNygVi34QpGNqpA,Ludwig,2019-11-17T19:23:02Z
aFDkrbw4sRo,The End.,UCrPseYLGpNygVi34QpGNqpA,Ludwig,2019-11-20T20:34:33Z
-a_lE-Xtct4,this is fine.,UCrPseYLGpNygVi34QpGNqpA,Ludwig,2019-11-19T23:14:28Z
7Oyi_JPv6To,So I let chat make my merch...,UCrPseYLGpNygVi34QpGNqpA,Ludwig,2019-11-18T20:57:36Z
l4Ke34z88Ok,THIS STREAMER IS FUNNIER THAN ME,UCrPseYLGpNygVi34QpGNqpA,Ludwig,2019-11-18T02:35:45Z
wZffNI9gK8w,How I banned 200 people in my stream,UCrPseYLGpNygVi34QpGNqpA,Ludwig,2019-11-16T19:28:45Z
MzNGdYrueZw,I lost my run to a balloon.,UCrPseYLGpNygVi34QpGNqpA,Ludwig,2019-11-15T23:42:33Z
22T9hnkM7_c,I’m not proud of this.,UCrPseYLGpNygVi34QpGNqpA,Ludwig,2019-11-14T21:44:34Z
rjA33MScHkQ,Ludwig Reacts to Tik Toks that are actually funny,UCrPseYLGpNygVi34QpGNqpA,Ludwig,2019-11-14T00:31:41Z
xKTJxzgdi2w,LAST TO LAUGH WINS $2000,UCrPseYLGpNygVi34QpGNqpA,Ludwig,2019-11-13T00:13:01Z
YqoXUDShtSI,I am not a boomer.,UCrPseYLGpNygVi34QpGNqpA,Ludwig,2019-11-11T23:29:11Z
1zMsWgiSW3I,stop saying my name wrong.,UCrPseYLGpNygVi34QpGNqpA,Ludwig,2019-11-09T21:54:20Z
YObMPFwhEPg,MY SECRET BEST FRIEND,UCrPseYLGpNygVi34QpGNqpA,Ludwig,2019-11-09T22:45:41Z
w_IMEBFNYF0,Ludwig Reacts to Videos from Chat,UCrPseYLGpNygVi34QpGNqpA,Ludwig,2019-11-08T21:27:52Z
riGjrYWCvZ4,How I became the fastest masher in the world,UCrPseYLGpNygVi34QpGNqpA,Ludwig,2019-11-07T23:26:49Z
gJFHgFUKcbM,Why I Quit the Ludlocke,UCrPseYLGpNygVi34QpGNqpA,Ludwig,2019-11-06T19:29:42Z
uPdNeu-EJCQ,this was a mistake.,UCrPseYLGpNygVi34QpGNqpA,Ludwig,2019-11-05T21:13:55Z
-4gTqV_cp2c,IF I DONT BEAT POKEMON I DYE MY HAIR,UCrPseYLGpNygVi34QpGNqpA,Ludwig,2019-11-04T20:43:51Z
_9Noiuz_6os,STREAM TRIES TO SCARE ME,UCrPseYLGpNygVi34QpGNqpA,Ludwig,2019-11-04T01:12:09Z
ZpeGACyyPpA,torturing my stream for 5 hours,UCrPseYLGpNygVi34QpGNqpA,Ludwig,2019-11-02T20:45:35Z
rDnELISo9_8,I found out how old my viewers are,UCrPseYLGpNygVi34QpGNqpA,Ludwig,2019-10-30T23:41:23Z
zMRB1RyS6PA,If I were a Pokémon I would be...,UCrPseYLGpNygVi34QpGNqpA,Ludwig,2019-10-31T23:42:02Z
Aplbiam2p-k,Ludwig Reacts to Tik Toks that are basically vines,UCrPseYLGpNygVi34QpGNqpA,Ludwig,2019-10-31T01:05:13Z
0oVaKEadKfA,TWITCH CHAT DECIDES WHAT I WATCH,UCrPseYLGpNygVi34QpGNqpA,Ludwig,2019-10-29T21:45:41Z
cI3r4aotGYs,If I laugh the video ends,UCrPseYLGpNygVi34QpGNqpA,Ludwig,2019-10-27T23:16:59Z
c0YuNHPRjko,The Legend of Chokewig,UCrPseYLGpNygVi34QpGNqpA,Ludwig,2019-10-27T23:34:52Z
gb-KCuffvXw,"If you beat me in Pokémon, you win $100",UCrPseYLGpNygVi34QpGNqpA,Ludwig,2019-10-26T19:51:13Z
KMqufeF6saA,I am not a furry.,UCrPseYLGpNygVi34QpGNqpA,Ludwig,2019-10-25T23:22:40Z
CYxYkiBr0aI,LUDWIG VS QTCINDERELLA,UCrPseYLGpNygVi34QpGNqpA,Ludwig,2019-10-24T20:41:44Z
du70TojOi_A,YOU CANNOT LAUGH,UCrPseYLGpNygVi34QpGNqpA,Ludwig,2019-10-23T23:49:56Z
ANbaa33GLmQ,LUDWIG VS GHETSIS,UCrPseYLGpNygVi34QpGNqpA,Ludwig,2019-10-22T23:04:33Z
JdELvuuCqOI,Why I will never wear a tanktop again,UCrPseYLGpNygVi34QpGNqpA,Ludwig,2019-10-21T22:14:52Z
O9iPF9TBh9M,Ludwig Reacts to Tinder Accounts,UCrPseYLGpNygVi34QpGNqpA,Ludwig,2019-10-20T19:35:24Z
0U02sBYXS_g,"saving the run, but at what cost",UCrPseYLGpNygVi34QpGNqpA,Ludwig,2019-10-19T21:33:44Z
_3Llm5yU6js,Is it Possible to Beat Pokemon Black and White 2 with Just Splash?,UCrPseYLGpNygVi34QpGNqpA,Ludwig,2019-10-18T22:29:11Z
BQA9kWmNvk4,LOSING MY BEST FRIEND OVER THE SIMS,UCrPseYLGpNygVi34QpGNqpA,Ludwig,2019-10-18T21:22:46Z
xlBe7qFsfs8,LUDWIG REVEALS HEIGHT,UCrPseYLGpNygVi34QpGNqpA,Ludwig,2019-10-17T23:14:37Z
E-JWyxSvl40,LUDWIG VS MANG0,UCrPseYLGpNygVi34QpGNqpA,Ludwig,2019-10-17T00:25:30Z
94jAi5GFtlk,"If his pokemon dies, he deletes his account",UCrPseYLGpNygVi34QpGNqpA,Ludwig,2019-10-15T20:28:32Z
6VOyWGdZqwM,Unboxing What Stream Bought,UCrPseYLGpNygVi34QpGNqpA,Ludwig,2019-10-14T21:14:47Z
8Qok4HZM3WY,"Black and White 2, but all the Pokémon are from Gen 1",UCrPseYLGpNygVi34QpGNqpA,Ludwig,2019-10-13T20:24:13Z
q-EQwdF8B38,Ludwig Reacts to Tik Tok,UCrPseYLGpNygVi34QpGNqpA,Ludwig,2019-10-12T23:16:57Z
hlGid_tskJk,he has to be pretending,UCrPseYLGpNygVi34QpGNqpA,Ludwig,2019-10-11T22:48:56Z
6C9dvfUrtUI,no context ludwig,UCrPseYLGpNygVi34QpGNqpA,Ludwig,2019-10-10T23:13:26Z
Gmjs1riGl4o,Ludwig Gets Bullied By His Reddit,UCrPseYLGpNygVi34QpGNqpA,Ludwig,2019-10-09T07:31:53Z
1RE9uw5KMYU,STREAM GOES SHOPPING FOR $1000,UCrPseYLGpNygVi34QpGNqpA,Ludwig,2019-10-07T21:53:15Z
2A3KRqBmaaY,My One Time,UCrPseYLGpNygVi34QpGNqpA,Ludwig,2019-10-07T18:17:47Z
5p1tbbwKhi4,I Use a Masterball on the WRONG Pokémon,UCrPseYLGpNygVi34QpGNqpA,Ludwig,2019-10-06T19:26:47Z
bps_k5L07wU,LUDWIG VS SIMPLEFLIPS,UCrPseYLGpNygVi34QpGNqpA,Ludwig,2019-10-05T22:04:51Z
iI1yzv0wy-c,TWITCH CHAT PICKS THE MUSIC,UCrPseYLGpNygVi34QpGNqpA,Ludwig,2019-10-03T20:24:16Z
Xi514UfeKUU,knockoff clint stevens,UCrPseYLGpNygVi34QpGNqpA,Ludwig,2019-10-01T18:31:53Z
5xrnsdu7tNI,Stream WINS Who Wants to Be a Millionaire,UCrPseYLGpNygVi34QpGNqpA,Ludwig,2019-09-30T20:59:59Z
cfxlvgyn6DU,The Legend of Darth Mald,UCrPseYLGpNygVi34QpGNqpA,Ludwig,2019-09-26T03:09:51Z
szI0-OHVbOQ,My Worst Enemy,UCrPseYLGpNygVi34QpGNqpA,Ludwig,2019-09-26T03:40:20Z
CZcgPJtBVxs,Ludwig Reviews Twitch Chats Tinder Accounts,UCrPseYLGpNygVi34QpGNqpA,Ludwig,2019-09-21T17:24:51Z
fgZ6cEge0Lg,I BAN My Best Friend,UCrPseYLGpNygVi34QpGNqpA,Ludwig,2019-09-25T08:11:38Z
wCPl4Mskp9A,Ludwig Reacts to the Roast of Bobby Scar,UCrPseYLGpNygVi34QpGNqpA,Ludwig,2019-09-24T22:32:45Z
vGZyQrNfarE,LUDWIG VS CHILLIN,UCrPseYLGpNygVi34QpGNqpA,Ludwig,2019-09-23T23:06:51Z
Ryms6oaEt-U,$300 MONEY MATCH LUDWIG VS BLUR,UCrPseYLGpNygVi34QpGNqpA,Ludwig,2019-09-18T22:04:21Z
GV3LQ6AgIEg,Stream Makes Me Release my BEST Pokémon,UCrPseYLGpNygVi34QpGNqpA,Ludwig,2019-09-17T09:35:33Z
iLB0VeS7SMw,Ludwig and Slime Commentary Highlights,UCrPseYLGpNygVi34QpGNqpA,Ludwig,2019-09-18T21:40:49Z
jfULilWfryE,BIG ANNOUNCEMENT,UCrPseYLGpNygVi34QpGNqpA,Ludwig,2019-09-17T21:08:27Z
XkPuFYA7dCw,Ludwig Reacts to the Roast of Hugs86,UCrPseYLGpNygVi34QpGNqpA,Ludwig,2019-09-16T23:30:36Z
eAyThIPwHTo,Pokémon but all the items are randomized,UCrPseYLGpNygVi34QpGNqpA,Ludwig,2019-09-13T20:26:23Z
ZBgv29jnLf0,Ludwig Reacts to his Reddit #2,UCrPseYLGpNygVi34QpGNqpA,Ludwig,2019-09-13T20:53:36Z
b0SPj9MBtcQ,"Twitch Jeopardy ft. CallMeCarson, Jschlatt, ConnorEatsPants, Slimecicle",UCrPseYLGpNygVi34QpGNqpA,Ludwig,2019-09-12T22:01:01Z
NkIyYWhRv44,The Legend of LudWIN,UCrPseYLGpNygVi34QpGNqpA,Ludwig,2019-09-07T21:03:19Z
zHQfXfK_Q6Y,LUDWIG VS MANG0 Madden 05,UCrPseYLGpNygVi34QpGNqpA,Ludwig,2019-09-10T20:37:31Z
KP6oY2_rm-I,STREAM GAVE ME THE WORST STARTER,UCrPseYLGpNygVi34QpGNqpA,Ludwig,2019-09-09T20:33:24Z
42SU_AZFRwE,LUDWIG VS TWITCH CHAT,UCrPseYLGpNygVi34QpGNqpA,Ludwig,2019-09-08T18:54:40Z
nYna-WUpBNw,BEST WAY TO PLAY MINECRAFT,UCrPseYLGpNygVi34QpGNqpA,Ludwig,2019-09-06T09:32:41Z
7_RVFgQ12sU,Ludwig Reacts to Meeting QTCinderella,UCrPseYLGpNygVi34QpGNqpA,Ludwig,2019-09-05T22:24:23Z
1qTu_1eFxig,TWITCH CHAT DECIDES THE MUSIC,UCrPseYLGpNygVi34QpGNqpA,Ludwig,2019-09-05T00:15:00Z
pAkjkG-E4dE,HIGH STAKES MONEY MATCH LUDWIG VS MANG0,UCrPseYLGpNygVi34QpGNqpA,Ludwig,2019-09-02T22:53:03Z
dFK-ENNPc60,Twitch Plays Poker (Real Money),UCrPseYLGpNygVi34QpGNqpA,Ludwig,2019-09-01T20:28:40Z
dES4DL3cLzE,Top 15 Salty Ludwig Moments,UCrPseYLGpNygVi34QpGNqpA,Ludwig,2019-08-30T22:01:08Z
fwkRnG5GWXE,THE WORST GAMBLE IN SMASH HISTORY,UCrPseYLGpNygVi34QpGNqpA,Ludwig,2019-08-29T18:26:00Z
yDVkjMq9m1Y,PB OR I LOSE $500,UCrPseYLGpNygVi34QpGNqpA,Ludwig,2019-08-28T21:33:45Z
Jee0nGX1Zms,NEW WAY TO PLAY MELEE,UCrPseYLGpNygVi34QpGNqpA,Ludwig,2019-08-26T19:57:58Z
juE7VtkDssM,LUDWIG VS THE ENDER DRAGON,UCrPseYLGpNygVi34QpGNqpA,Ludwig,2019-08-25T18:10:21Z
KS8DF_nRrs0,$100 MONEY MATCH LUDWIG VS MANG0,UCrPseYLGpNygVi34QpGNqpA,Ludwig,2019-08-23T18:38:46Z
JoXe_2ffVd4,Stream Decides What I Do,UCrPseYLGpNygVi34QpGNqpA,Ludwig,2019-08-21T09:26:33Z
IPS3Ln68yak,Ludwig Plays Scary Game (WELCOME TO THE GAME 2),UCrPseYLGpNygVi34QpGNqpA,Ludwig,2019-08-21T10:14:41Z
WRbx_jXu3t8,STREAM DECIDES THE MUSIC #2,UCrPseYLGpNygVi34QpGNqpA,Ludwig,2019-08-20T08:23:44Z
hKEy-58Np_E,PAYING CELEBRITIES $300 TO SAY TWITCH EMOTES,UCrPseYLGpNygVi34QpGNqpA,Ludwig,2019-08-19T20:32:26Z
YT7EMT1Uy7k,Ludwig Reacts to Twitch Chats Tinder Accounts with QTCinderella,UCrPseYLGpNygVi34QpGNqpA,Ludwig,2019-08-16T18:46:49Z
2MRGfod-U3Q,Top 13 Most Viewed Ludwig Clips (July),UCrPseYLGpNygVi34QpGNqpA,Ludwig,2019-08-15T18:26:11Z
ii6eHLRRVJ4,CLUTCH GOD,UCrPseYLGpNygVi34QpGNqpA,Ludwig,2019-08-13T22:12:18Z
0420vclqfa0,CHECKING TWITCH CHAT LOGS,UCrPseYLGpNygVi34QpGNqpA,Ludwig,2019-08-12T19:08:37Z
y_ukRmJf_tw,a nether hardcore minecraft survival run,UCrPseYLGpNygVi34QpGNqpA,Ludwig,2019-08-11T18:37:55Z
5dZCMOeQjEM,Ludwig Reacts to his Reddit,UCrPseYLGpNygVi34QpGNqpA,Ludwig,2019-08-09T21:55:39Z
y8bkHs7DPSY,hardcore minecraft is hard.,UCrPseYLGpNygVi34QpGNqpA,Ludwig,2019-08-07T21:18:01Z
_fjfr9u2dZ8,$150 Poker Hand vs mang0,UCrPseYLGpNygVi34QpGNqpA,Ludwig,2019-08-06T19:36:48Z
a_KjuBf42no,All Dogs Go to Heaven (Hardcore Minecraft),UCrPseYLGpNygVi34QpGNqpA,Ludwig,2019-08-05T07:38:00Z
Xdvn1p4j7lc,Ludwig Reacts to Chats Twitch Streams,UCrPseYLGpNygVi34QpGNqpA,Ludwig,2019-08-04T18:21:11Z
ytpnkJzvsho,THE END OF THE BLACK AND WHITE LUDLOCKE,UCrPseYLGpNygVi34QpGNqpA,Ludwig,2019-08-03T13:30:24Z
nW8SIOQilFg,"Twitch Jeopardy ft. Trihex, Alpharad, Jschlatt, Connoreatspants",UCrPseYLGpNygVi34QpGNqpA,Ludwig,2019-07-30T20:01:22Z
ZBmbBZOBhpY,Ludcraft,UCrPseYLGpNygVi34QpGNqpA,Ludwig,2019-07-29T19:50:24Z
GXAe5GXQKqY,The WORST Pokémon Rival,UCrPseYLGpNygVi34QpGNqpA,Ludwig,2019-07-29T09:27:07Z
pSAOUi-Pgdc,STREAM CONTROLS WHAT MUSIC I LISTEN TO,UCrPseYLGpNygVi34QpGNqpA,Ludwig,2019-07-28T10:22:56Z
BSQL25LDT70,Donating $250 to Broke Smashers (Poker),UCrPseYLGpNygVi34QpGNqpA,Ludwig,2019-07-26T22:13:32Z
zcIxD5fC80w,LUDWIG RAGES AT STREAM,UCrPseYLGpNygVi34QpGNqpA,Ludwig,2019-07-26T14:34:06Z
UafPsa_hlyQ,Ludwig Reads His Wiki Page,UCrPseYLGpNygVi34QpGNqpA,Ludwig,2019-07-24T20:57:17Z
nGkiJZIZjJI,"Lets Play Pokemon Black/White (No Potion, Randomizer, Nuzlocke)",UCrPseYLGpNygVi34QpGNqpA,Ludwig,2019-07-23T18:52:50Z
JO72lf-cS0Y,The End of the Pokemon Black/White Ludlocke,UCrPseYLGpNygVi34QpGNqpA,Ludwig,2019-07-22T11:24:22Z
l_YWf4qGvD8,HIGH STAKES POKEMON BATTLE LUDWIG VS QTCINDERELLA,UCrPseYLGpNygVi34QpGNqpA,Ludwig,2019-07-19T23:30:00Z
wovLLuZGS3Q,The Legend of Foldwig,UCrPseYLGpNygVi34QpGNqpA,Ludwig,2019-07-18T23:18:23Z
FSDMJ8j-v1c,Can You Beat Pokemon Black/White Without Being Good?,UCrPseYLGpNygVi34QpGNqpA,Ludwig,2019-07-17T21:01:38Z
DyJXqXZUEXE,Unboxing What Stream Bought (Height Reveal),UCrPseYLGpNygVi34QpGNqpA,Ludwig,2019-07-16T20:41:14Z
syBWEs1xbso,STREAM SPENDS $300 ON AMAZON,UCrPseYLGpNygVi34QpGNqpA,Ludwig,2019-07-12T22:10:13Z
Yb_bXPhyDpE,the ludlocke needs a hero,UCrPseYLGpNygVi34QpGNqpA,Ludwig,2019-07-11T22:58:28Z
NAB_gCTwHz8,mang0 takes all my money,UCrPseYLGpNygVi34QpGNqpA,Ludwig,2019-07-10T22:23:53Z
EIEIv9P7y78,Ludwig Reacts to his First YouTube Video,UCrPseYLGpNygVi34QpGNqpA,Ludwig,2019-07-08T10:14:28Z
Cu-ul7OXFxU,Top 13 Most Viewed Ludwig Clips (June),UCrPseYLGpNygVi34QpGNqpA,Ludwig,2019-07-06T07:31:42Z
YZpZVdrXDaw,The Story of Ludwig,UCrPseYLGpNygVi34QpGNqpA,Ludwig,2019-07-04T20:40:01Z
aCTwUlWH-tw,LUDWIG LOSES $500 IN POKER,UCrPseYLGpNygVi34QpGNqpA,Ludwig,2019-07-03T06:10:52Z
Zt6e1bqZ3V4,SCUFFED KARAOKE ft. QTCINDERELLA,UCrPseYLGpNygVi34QpGNqpA,Ludwig,2019-07-02T19:37:40Z
HlnIKKo9nRY,FASTEST BUTTON MASHER IN THE WORLD (31.25 CPS),UCrPseYLGpNygVi34QpGNqpA,Ludwig,2019-06-29T22:09:34Z
otGQgdf5Jh0,LUDLOCKE,UCrPseYLGpNygVi34QpGNqpA,Ludwig,2019-06-27T23:05:13Z
vm0_q3wJoPg,"$1650 POKER GAME ft. mang0, chillin, leffen",UCrPseYLGpNygVi34QpGNqpA,Ludwig,2019-06-26T20:42:38Z
zpEQpAaUVWc,Ludwig Spends $475 on a Japanese Crane Game (Toreba),UCrPseYLGpNygVi34QpGNqpA,Ludwig,2019-06-25T22:58:43Z
VQS1Wmzy4XI,LUDWIG VS STREAM,UCrPseYLGpNygVi34QpGNqpA,Ludwig,2019-06-24T16:54:32Z
1hlANWERVLI,The Ninja of Mario Battle Royale,UCrPseYLGpNygVi34QpGNqpA,Ludwig,2019-06-22T00:21:20Z
QauI9Fa3h54,Ludwig Reacts to Twitch Chats Tinder Accounts,UCrPseYLGpNygVi34QpGNqpA,Ludwig,2019-06-20T12:34:31Z
RSKjNrk2tgw,Ludwig Beats Jump King (DLC) (which is very hard),UCrPseYLGpNygVi34QpGNqpA,Ludwig,2019-06-19T22:02:05Z
byxFIUD9Cu0,Playing until I beat the game or raise $1000 for charity,UCrPseYLGpNygVi34QpGNqpA,Ludwig,2019-06-18T20:54:49Z
mDHZq2BALwM,$100 MONEY MATCH LUDWIG VS ZAIN,UCrPseYLGpNygVi34QpGNqpA,Ludwig,2019-06-14T21:01:13Z
Zmrr15mho-s,Ludwig Goes on a Date with QTCinderella,UCrPseYLGpNygVi34QpGNqpA,Ludwig,2019-06-13T01:49:59Z
mQvE-wwYPXg,four stocked by simpleflips???,UCrPseYLGpNygVi34QpGNqpA,Ludwig,2019-06-11T17:16:24Z
YEWXpBinPxE,THEY WON BY 1 POINT ft. Cheese and Simpleflips,UCrPseYLGpNygVi34QpGNqpA,Ludwig,2019-06-06T22:01:35Z
aSd5O2-z9bM,the rudest smasher I've ever met,UCrPseYLGpNygVi34QpGNqpA,Ludwig,2019-06-05T10:48:04Z
Sn-tuHajYv8,Melee with Simpleflips,UCrPseYLGpNygVi34QpGNqpA,Ludwig,2019-06-04T20:51:44Z
soTbsPEzdG0,how to make a bad game playable,UCrPseYLGpNygVi34QpGNqpA,Ludwig,2019-05-31T08:30:19Z
6CSzLhiFnUQ,Stream Plays Who Wants to Be a Millionaire for $100,UCrPseYLGpNygVi34QpGNqpA,Ludwig,2019-05-31T10:38:44Z
fDa28YzF3nA,The Three-peat?,UCrPseYLGpNygVi34QpGNqpA,Ludwig,2019-05-30T22:03:59Z
qOaI4j9BcA0,how i became top ten in the world,UCrPseYLGpNygVi34QpGNqpA,Ludwig,2019-05-29T23:38:27Z
jK8T0JvV1CI,BLIND SUPER MARIO 64 RACE,UCrPseYLGpNygVi34QpGNqpA,Ludwig,2019-05-24T19:36:57Z
Xsh-jCvdxHo,Twitch Jeopardy,UCrPseYLGpNygVi34QpGNqpA,Ludwig,2019-05-22T19:21:31Z
GYL31_MLyUo,STREAM DECIDES THE MUSIC,UCrPseYLGpNygVi34QpGNqpA,Ludwig,2019-05-22T19:11:06Z
O43zVGzMv_A,Worlds Hardest Gaming Challenge,UCrPseYLGpNygVi34QpGNqpA,Ludwig,2019-05-19T20:31:41Z
t4ykXwD4VgU,STREAM DECIDES WHAT I BUY,UCrPseYLGpNygVi34QpGNqpA,Ludwig,2019-05-17T11:44:09Z
3-Q_U7xcjs0,"1 Streamer vs 357,000 Scovilles",UCrPseYLGpNygVi34QpGNqpA,Ludwig,2019-05-16T09:34:54Z
1qK1f2LdR80,Jumping Over It with Ludwig,UCrPseYLGpNygVi34QpGNqpA,Ludwig,2019-05-13T14:13:24Z
i82t4hO-QcY,Ludwig Plays Akinator,UCrPseYLGpNygVi34QpGNqpA,Ludwig,2019-05-09T23:43:28Z
khgklsOrxdI,TWITCH'S GOT TALENT,UCrPseYLGpNygVi34QpGNqpA,Ludwig,2019-05-08T02:36:02Z
mNVNICmLUqU,Top 10 Most Viewed Ludwig Clips,UCrPseYLGpNygVi34QpGNqpA,Ludwig,2019-05-04T23:23:03Z
JzqUr4VPsCQ,First Person to Count to 10 Wins,UCrPseYLGpNygVi34QpGNqpA,Ludwig,2019-05-02T22:17:49Z
xE0T0RM0KPk,How I beat the hardest game ever made (Pogostuck),UCrPseYLGpNygVi34QpGNqpA,Ludwig,2019-04-28T01:26:02Z
8fc1cLijKHM,$200 UNO MATCH,UCrPseYLGpNygVi34QpGNqpA,Ludwig,2019-04-27T21:38:46Z
q5nShBwTiks,The Deal,UCrPseYLGpNygVi34QpGNqpA,Ludwig,2019-04-26T01:08:32Z
cZfbENHuXgI,HIGH STAKES UNO WITH SLIME,UCrPseYLGpNygVi34QpGNqpA,Ludwig,2019-04-22T14:58:49Z
n3c92a21hhU,Dyeing My Hair a RANDOM Color,UCrPseYLGpNygVi34QpGNqpA,Ludwig,2019-04-20T21:13:28Z
_vs0Y0mb2cc,Ludwig and Slime flip a coin for $100,UCrPseYLGpNygVi34QpGNqpA,Ludwig,2019-04-19T11:37:32Z
pgEdIZj92XY,How I Beat Vegas,UCrPseYLGpNygVi34QpGNqpA,Ludwig,2019-04-19T13:28:51Z
lbuO-H7ZUB0,LUDWIG TRIES NOT TO LAUGH,UCrPseYLGpNygVi34QpGNqpA,Ludwig,2019-04-18T20:42:52Z
2b3GhsqH1R4,Stream Goes Shopping for $200!,UCrPseYLGpNygVi34QpGNqpA,Ludwig,2019-04-16T21:00:57Z
bG2RZkhLf6o,Top 18 Best Tasting Sodas,UCrPseYLGpNygVi34QpGNqpA,Ludwig,2019-04-10T00:37:46Z
DMmFq8bLauI,STREAM DECIDES WHAT CLOTHES I BUY,UCrPseYLGpNygVi34QpGNqpA,Ludwig,2019-04-04T01:12:38Z
IynAWCY1jYE,snake,UCrPseYLGpNygVi34QpGNqpA,Ludwig,2019-03-07T16:03:20Z
wNK-bTu2Px4,smash ultimate combo video (very epic),UCrPseYLGpNygVi34QpGNqpA,Ludwig,2019-02-13T23:55:58Z
cB7JcPSLqvY,SFAT vs Axe || LACS Grand Finals,UCrPseYLGpNygVi34QpGNqpA,Ludwig,2018-12-31T15:06:26Z
yRbX1kgsIwQ,Hottest Super Smash Bros Ultimate Characters,UCrPseYLGpNygVi34QpGNqpA,Ludwig,2018-12-07T17:26:40Z
ovAGUKfeIcg,The Most Cursed Pokemon Minigame,UCrPseYLGpNygVi34QpGNqpA,Ludwig,2018-11-20T21:29:09Z
_dx_8YHVqfg,Ludwig vs The Elite Four,UCrPseYLGpNygVi34QpGNqpA,Ludwig,2018-10-21T00:34:29Z
3Q3Cs8WwZps,GAMERS REACT to 7 Reasons Why I watch Ludwig Ahgren,UCrPseYLGpNygVi34QpGNqpA,Ludwig,2018-07-26T10:26:59Z
A6MdAO4gwEM,SPEEDRUNNER GETS WORLD RECORD WHILE PEEING (SAVAGE!!),UCrPseYLGpNygVi34QpGNqpA,Ludwig,2018-06-02T00:05:42Z
JXftPma4cis,ELYSIUM COMMENTARY HIGHLIGHTS || Slime and Ludwig ft. Guntherz,UCrPseYLGpNygVi34QpGNqpA,Ludwig,2017-10-27T23:19:32Z
aWauBvS6x6U,A Classy Reading of Smashboards Posts || Things I'd Rather do Then Brawl,UCrPseYLGpNygVi34QpGNqpA,Ludwig,2017-10-26T12:14:42Z
_H0KKlEm5So,You Got a B0XX in Me || Hax $ Musical,UCrPseYLGpNygVi34QpGNqpA,Ludwig,2017-10-13T18:04:47Z
_U1TVRafFqs,Top 10 Hottest Smashers,UCrPseYLGpNygVi34QpGNqpA,Ludwig,2017-10-10T16:05:29Z
qTH-fjWka1g,"""I am NOT moving to North America."" -aMSa ||| Smash Highlights",UCrPseYLGpNygVi34QpGNqpA,Ludwig,2017-10-04T13:39:51Z
03RAtEBstTk,How to make a smash highlights video,UCrPseYLGpNygVi34QpGNqpA,Ludwig,2017-10-04T12:57:00Z
b--39Z1OT2Y,Top 10 Set Winning Combos in Smash,UCrPseYLGpNygVi34QpGNqpA,Ludwig,2017-10-03T02:23:15Z
PiHqc3CEkk0,Slime and Ludwig Commentate Smash the Record,UCrPseYLGpNygVi34QpGNqpA,Ludwig,2017-09-20T18:54:58Z
jGDEYsA6yoU,I miss the old MaNg0,UCrPseYLGpNygVi34QpGNqpA,Ludwig,2017-04-10T21:41:24Z
4ErAV04bCY4,Who the fuck is Prince Abu?,UCrPseYLGpNygVi34QpGNqpA,Ludwig,2016-12-28T06:25:33Z
qlyDG100xyg,How to prove you won a side bet,UCrPseYLGpNygVi34QpGNqpA,Ludwig,2016-11-24T00:42:45Z
KiIbXUAM5ro,Press 1 for Hungrybox,UCrPseYLGpNygVi34QpGNqpA,Ludwig,2016-11-07T15:11:02Z
m30vGXpdr3s,Smash is Anime: The Power of Friendship,UCrPseYLGpNygVi34QpGNqpA,Ludwig,2016-11-04T18:27:43Z
X78cRluaykI,5 Minutes of Ice Climbers Losing,UCrPseYLGpNygVi34QpGNqpA,Ludwig,2016-10-17T07:47:46Z
QydW1RGrJnk,Westballz DK doesn't care about you,UCrPseYLGpNygVi34QpGNqpA,Ludwig,2016-09-17T16:50:32Z
Okr5faPJCc4,Tai (69) - TBH6 Compendium,UCrPseYLGpNygVi34QpGNqpA,Ludwig,2016-09-15T09:50:54Z
6PvFnuA-j8Y,A Classy Readings of Tweets from EVO 2016,UCrPseYLGpNygVi34QpGNqpA,Ludwig,2016-07-21T14:50:18Z
xLxPXk5hm6o,Arguably the Best Player on Earth Right Now,UCrPseYLGpNygVi34QpGNqpA,Ludwig,2016-06-19T17:44:01Z
D-6mqkOoiJ0,Top 10 Shine Spikes in Smash,UCrPseYLGpNygVi34QpGNqpA,Ludwig,2016-05-29T17:32:09Z
PIDyYjSJMr4,Top 10 Taunt to Get Bodied Combos in Smash,UCrPseYLGpNygVi34QpGNqpA,Ludwig,2016-05-27T09:22:39Z
nLXNBgeex8E,"Hax is on the Comeback (Parody of ""I Can Go the Distance"") | Hax $ Musical",UCrPseYLGpNygVi34QpGNqpA,Ludwig,2016-05-23T12:39:02Z
eXPMaen29VI,The Best Smash 4 Player in AZ,UCrPseYLGpNygVi34QpGNqpA,Ludwig,2016-05-11T18:08:27Z
GpKUSHZBREM,Top 10 Salty Ice Climber Moments in Smash,UCrPseYLGpNygVi34QpGNqpA,Ludwig,2016-04-11T22:45:46Z
JdKv2lQmxMg,I am Hungrybox - Combo Video,UCrPseYLGpNygVi34QpGNqpA,Ludwig,2016-04-07T10:11:51Z
4-6CXCE5aeg,A Classy Reading of Tweets from Pound 2016,UCrPseYLGpNygVi34QpGNqpA,Ludwig,2016-04-05T18:15:52Z
NVs6kqJ01YM,A Classy Reading of Tweets from Five Gods,UCrPseYLGpNygVi34QpGNqpA,Ludwig,2016-03-22T06:28:09Z
vUT-hoJbZAw,A Classy Reading of Tweets from B.E.A.S.T. 6,UCrPseYLGpNygVi34QpGNqpA,Ludwig,2016-02-23T00:39:43Z
cUq0FogaPK0,The Adventures of East Coast Scar,UCrPseYLGpNygVi34QpGNqpA,Ludwig,2016-02-18T19:24:17Z
fOGaAEYDzZU,The Champ - Armada Combo Video,UCrPseYLGpNygVi34QpGNqpA,Ludwig,2016-01-23T04:42:46Z
Wwo2KBvN29M,Top 5 Most Embarrassing Moments in Smash,UCrPseYLGpNygVi34QpGNqpA,Ludwig,2015-12-29T23:43:22Z
Q7H0G0bbM8Q,Mew2King Popoff with Crowd Reaction,UCrPseYLGpNygVi34QpGNqpA,Ludwig,2015-12-24T23:09:07Z
4WhIxb2h-vU,Determination - The Story of M2K in 2015,UCrPseYLGpNygVi34QpGNqpA,Ludwig,2015-12-23T18:01:03Z
9wr1Nr50zWg,Hungrybox - Yeezus 2.0 ft. Scar (The People's Champ),UCrPseYLGpNygVi34QpGNqpA,Ludwig,2015-12-19T23:57:17Z
jEsqml1FkgI,Swing Swing Swing - PPMD Combo Video,UCrPseYLGpNygVi34QpGNqpA,Ludwig,2015-12-14T11:26:35Z
iT2WH6nM0Ow,Crowd Reacts to m2k beating Leffen at Paragon LA,UCrPseYLGpNygVi34QpGNqpA,Ludwig,2015-09-12T01:30:29Z
rEblnS0frwI,Paragon LA Crowd Reaction to MaNg0 Winning,UCrPseYLGpNygVi34QpGNqpA,Ludwig,2015-09-12T01:28:29Z
nD9WvECQW2Y,Paragon LA Crowd Clapping Dreamland Theme,UCrPseYLGpNygVi34QpGNqpA,Ludwig,2015-09-12T01:26:41Z
V9gIedISpug,Chudat having way too much fun wobbling,UCrPseYLGpNygVi34QpGNqpA,Ludwig,2015-09-09T17:32:55Z
lpdtvKS3ME4,Ledgend - A Hungrybox Combo Video,UCrPseYLGpNygVi34QpGNqpA,Ludwig,2015-07-17T01:12:08Z
os5JLQTtpA4,"Actually, I don't feel like the ledge matters too much",UCrPseYLGpNygVi34QpGNqpA,Ludwig,2015-07-08T03:10:28Z
lRx_dHBZkgU,Hand speed of a top Super Smash Bros Melee Player,UCrPseYLGpNygVi34QpGNqpA,Ludwig,2015-04-23T07:34:39Z
2jrj0TXf8vI,Axe Popoff vs Mang0 at Sandstorm,UCrPseYLGpNygVi34QpGNqpA,Ludwig,2015-04-20T20:05:23Z
0iJUqhbZIig,Leffen punishes grab with forward smash,UCrPseYLGpNygVi34QpGNqpA,Ludwig,2015-04-20T20:00:38Z
FshP7VeGD2Q,Leffen doesn't hug randies,UCrPseYLGpNygVi34QpGNqpA,Ludwig,2015-04-20T20:00:29Z
YQCDseHzCw4,Hungrybox Popoff at Sandstorm,UCrPseYLGpNygVi34QpGNqpA,Ludwig,2015-04-20T19:47:23Z
1gCjG2cdQic,MVG Sandstorm Grand Final Power Outage,UCrPseYLGpNygVi34QpGNqpA,Ludwig,2015-04-20T18:48:35Z
